Date,Name,Year,Letterboxd URI
2019-08-06,Call Me by Your Name,2017,https://boxd.it/dYmm
2019-08-06,Once Upon a Time... in Hollywood,2019,https://boxd.it/gH0O
2019-08-06,Midsommar,2019,https://boxd.it/jhxe
2019-08-06,Spider-Man: Into the Spider-Verse,2018,https://boxd.it/azpY
2019-08-06,Kill Bill: Vol. 1,2003,https://boxd.it/70w
2019-08-06,Booksmart,2019,https://boxd.it/igNS
2019-08-06,Hereditary,2018,https://boxd.it/hNVe
2019-08-06,Get Out,2017,https://boxd.it/eOCm
2019-08-06,Moonlight,2016,https://boxd.it/d6bE
2020-03-16,Parasite,2019,https://boxd.it/hTha
2020-03-16,Knives Out,2019,https://boxd.it/jWEA
2020-03-16,Whiplash,2014,https://boxd.it/7bQA
2020-03-16,Inception,2010,https://boxd.it/1skk
2020-03-16,Arrival,2016,https://boxd.it/aNGk
2020-03-16,Blade Runner 2049,2017,https://boxd.it/b8wK
2020-03-16,Interstellar,2014,https://boxd.it/4VZ8
2020-03-16,The Grand Budapest Hotel,2014,https://boxd.it/3ZqO
2020-03-16,Ex Machina,2015,https://boxd.it/7T2k
2020-03-16,Her,2013,https://boxd.it/4O24
2020-03-16,Drive,2011,https://boxd.it/IG
2020-03-16,Lady Bird,2017,https://boxd.it/dGNE
2020-03-16,Dunkirk,2017,https://boxd.it/d0Y6
2020-03-16,Scott Pilgrim vs. the World,2010,https://boxd.it/1Aq6
2020-03-16,Marriage Story,2019,https://boxd.it/hJAw
2020-03-16,Annihilation,2018,https://boxd.it/9yzm
2020-03-16,The Lighthouse,2019,https://boxd.it/icFU
2020-03-16,Inside Out,2015,https://boxd.it/4KHC
2020-03-16,The Witch,2015,https://boxd.it/9X0m
2020-03-16,Toy Story 3,2010,https://boxd.it/1WRe
2020-03-16,Moonrise Kingdom,2012,https://boxd.it/2Wng
2020-03-16,Black Swan,2010,https://boxd.it/Sw0
2020-03-16,1917,2019,https://boxd.it/jj4y
2020-03-16,Little Women,2019,https://boxd.it/aSVk
2020-03-16,Eighth Grade,2018,https://boxd.it/hDMG
2020-03-16,10 Cloverfield Lane,2016,https://boxd.it/aZiu
2020-03-16,The Martian,2015,https://boxd.it/8SeG
2020-03-16,Looper,2012,https://boxd.it/ham
2020-03-16,BlacKkKlansman,2018,https://boxd.it/hxL8
2020-03-16,Joker,2019,https://boxd.it/h4cS
2020-03-16,First Reformed,2017,https://boxd.it/go9C
2020-03-16,Matilda,1996,https://boxd.it/1VhY
2020-03-16,Spirited Away,2001,https://boxd.it/2b4m
2020-03-16,No Half Measures: Creating the Final Season of Breaking Bad,2013,https://boxd.it/72Yg
2020-03-16,The Empire Strikes Back,1980,https://boxd.it/27Vw
2020-03-16,Big Little Lies,2017,https://boxd.it/fYde
2020-03-16,Princess Mononoke,1997,https://boxd.it/2b4w
2020-03-16,The Lord of the Rings: The Return of the King,2003,https://boxd.it/2b5u
2020-03-16,The Dark Knight,2008,https://boxd.it/2b0k
2020-03-16,The Lord of the Rings: The Fellowship of the Ring,2001,https://boxd.it/2b5O
2020-03-16,The Lord of the Rings: The Two Towers,2002,https://boxd.it/2b5E
2020-03-16,Star Wars,1977,https://boxd.it/72s
2020-03-16,The Lion King,1994,https://boxd.it/201Q
2020-03-16,Kill Bill: The Whole Bloody Affair,2006,https://boxd.it/eCrQ
2020-03-16,Won't You Be My Neighbor?,2018,https://boxd.it/hDPU
2020-03-16,Eternal Sunshine of the Spotless Mind,2004,https://boxd.it/6YK
2020-03-16,Samurai Champloo,2004,https://boxd.it/o8go
2020-03-16,Pan's Labyrinth,2006,https://boxd.it/28No
2020-03-16,Black Mirror: San Junipero,2016,https://boxd.it/k4aS
2020-03-16,Jurassic Park,1993,https://boxd.it/2aA2
2020-03-16,WALL·E,2008,https://boxd.it/1VEo
2020-03-16,Bo Burnham: What.,2013,https://boxd.it/7au4
2020-03-16,Black Mirror: White Christmas,2014,https://boxd.it/B3qu
2020-03-16,The Prestige,2006,https://boxd.it/293w
2020-03-16,Forrest Gump,1994,https://boxd.it/728
2020-03-16,Mary and Max,2009,https://boxd.it/1y2m
2020-03-16,The Truman Show,1998,https://boxd.it/18U8
2020-03-16,The Princess Bride,1987,https://boxd.it/26EY
2020-03-16,American Beauty,1999,https://boxd.it/71Y
2020-03-16,Brokeback Mountain,2005,https://boxd.it/2b2q
2020-03-16,Pride & Prejudice,2005,https://boxd.it/24u8
2020-03-16,God's Own Country,2017,https://boxd.it/faZM
2020-03-17,The Hunt,2020,https://boxd.it/iE9i
2020-03-23,Burning,2018,https://boxd.it/hHUa
2020-03-23,The Report,2019,https://boxd.it/j2X2
2020-03-29,Manchester by the Sea,2016,https://boxd.it/b2L0
2020-03-30,Boy Erased,2018,https://boxd.it/gWxe
2020-03-31,Portrait of a Lady on Fire,2019,https://boxd.it/jkPq
2020-03-31,Frances Ha,2012,https://boxd.it/41Xg
2020-03-31,Ratatouille,2007,https://boxd.it/27ww
2020-03-31,No Country for Old Men,2007,https://boxd.it/21ew
2020-03-31,The Revenant,2015,https://boxd.it/8H5e
2020-03-31,Mulholland Drive,2001,https://boxd.it/297o
2020-03-31,Kill Bill: Vol. 2,2004,https://boxd.it/2au4
2020-03-31,Fantastic Mr. Fox,2009,https://boxd.it/1WyQ
2020-03-31,Sorry to Bother You,2018,https://boxd.it/f21E
2020-03-31,The Farewell,2019,https://boxd.it/kIky
2020-03-31,Zombieland,2009,https://boxd.it/1En6
2020-03-31,Juno,2007,https://boxd.it/210a
2020-04-01,Vivarium,2019,https://boxd.it/gmVE
2020-04-07,Basically,2014,https://boxd.it/b246
2020-04-10,Upgrade,2018,https://boxd.it/i4gW
2020-04-10,The Rover,2014,https://boxd.it/4WCY
2020-04-15,Under the Silver Lake,2018,https://boxd.it/dSAs
2020-04-16,The Squid and the Whale,2005,https://boxd.it/1VAG
2020-04-27,The Kill Team,2019,https://boxd.it/hChs
2020-04-30,High Life,2018,https://boxd.it/d6bk
2020-04-30,A Ghost Story,2017,https://boxd.it/fb0K
2020-05-02,Krisha,2015,https://boxd.it/ax4E
2020-05-08,Mandy,2018,https://boxd.it/gtti
2020-05-10,Coherence,2013,https://boxd.it/6xza
2020-05-11,The Invitation,2015,https://boxd.it/9OUU
2020-05-18,The Fifth Estate,2013,https://boxd.it/54Pc
2020-05-22,12 Angry Men,1957,https://boxd.it/2auI
2020-06-03,The Social Network,2010,https://boxd.it/17ue
2020-06-05,Hot Rod,2007,https://boxd.it/1X9C
2020-06-06,The Last Black Man in San Francisco,2019,https://boxd.it/iWAw
2020-06-22,Mommie Dearest,1981,https://boxd.it/1LNq
2020-07-13,First Cow,2019,https://boxd.it/krga
2020-07-22,Millennium Actress,2001,https://boxd.it/1fK0
2020-07-23,Maniac,2018,https://boxd.it/jX9y
2020-07-27,Ghosts of Mississippi,1996,https://boxd.it/1i92
2020-08-08,Life,2015,https://boxd.it/9wym
2020-08-25,Boys State,2020,https://boxd.it/oiNW
2020-09-01,Tenet,2020,https://boxd.it/leq4
2020-09-06,I'm Thinking of Ending Things,2020,https://boxd.it/i4IQ
2020-09-10,#Alive,2020,https://boxd.it/mJl2
2020-09-16,The Social Dilemma,2020,https://boxd.it/opQI
2020-09-17,The Devil All the Time,2020,https://boxd.it/i2tY
2020-09-26,Good Time,2017,https://boxd.it/fcFu
2020-09-28,Safety Not Guaranteed,2012,https://boxd.it/2Y3M
2020-10-05,The Boys in the Band,2020,https://boxd.it/m176
2020-10-08,Fargo,1996,https://boxd.it/2aHM
2020-10-12,Helvetica,2007,https://boxd.it/1Qn8
2020-10-17,The Trial of the Chicago 7,2020,https://boxd.it/kn3w
2020-10-20,The Haunting of Bly Manor,2020,https://boxd.it/rUdS
2020-10-21,Hard Candy,2005,https://boxd.it/26vs
2020-10-22,Howl's Moving Castle,2004,https://boxd.it/23De
2020-10-23,Borat: Cultural Learnings of America for Make Benefit Glorious Nation of Kazakhstan,2006,https://boxd.it/2agQ
2020-10-24,The Shining,1980,https://boxd.it/29Nu
2020-10-28,"Yes, God, Yes",2019,https://boxd.it/jaGS
2020-10-30,The Disaster Artist,2017,https://boxd.it/cTqc
2020-10-30,Unorthodox,2020,https://boxd.it/pHfs
2020-10-31,Warcraft,2016,https://boxd.it/2czK
2020-10-31,Black Mirror: The Entire History of You,2011,https://boxd.it/hQZ4
2020-11-04,An American Pickle,2020,https://boxd.it/niWi
2020-11-13,Cool Hand Luke,1967,https://boxd.it/29jY
2020-11-13,It's a Wonderful Life,1946,https://boxd.it/28xA
2020-11-13,Braveheart,1995,https://boxd.it/2aTI
2020-11-15,"Best Wishes, Warmest Regards: A Schitt's Creek Farewell",2020,https://boxd.it/pNiM
2020-11-15,My Neighbor Totoro,1988,https://boxd.it/20eA
2020-11-16,Baby Driver,2017,https://boxd.it/bhF2
2020-11-16,3:10 to Yuma,2007,https://boxd.it/23g0
2020-11-17,Primer,2004,https://boxd.it/6YA
2020-11-18,Suspiria,2018,https://boxd.it/cioI
2020-11-18,Office Space,1999,https://boxd.it/28Em
2020-11-19,Locke,2013,https://boxd.it/6hHC
2020-11-20,Remember the Titans,2000,https://boxd.it/1VLk
2020-11-20,Clue,1985,https://boxd.it/1MDQ
2020-11-20,To Kill a Mockingbird,1962,https://boxd.it/2a2E
2020-11-20,Anastasia,1997,https://boxd.it/1YFk
2020-11-20,The Haunting of Hill House,2018,https://boxd.it/kfJ0
2020-11-21,If Anything Happens I Love You,2020,https://boxd.it/qIv4
2020-11-21,Hunt for the Wilderpeople,2016,https://boxd.it/cTgG
2020-11-27,The Christmas Chronicles,2018,https://boxd.it/ja7e
2020-11-30,Rogue One: A Star Wars Story,2016,https://boxd.it/aPvy
2020-12-06,Mank,2020,https://boxd.it/mIuC
2020-12-07,Blockers,2018,https://boxd.it/fxEW
2020-12-11,I Am Not Your Negro,2016,https://boxd.it/etXy
2020-12-14,Persona,1966,https://boxd.it/29B4
2020-12-16,Love,2015,https://boxd.it/9brE
2020-12-22,Lion,2016,https://boxd.it/b2La
2020-12-25,Ma Rainey's Black Bottom,2020,https://boxd.it/mLcm
2020-12-26,Devs,2020,https://boxd.it/ppHI
2020-12-28,Death to 2020,2020,https://boxd.it/t4EQ
2020-12-31,Free Solo,2018,https://boxd.it/iEEq
2021-01-02,1BR,2019,https://boxd.it/mBag
2021-01-08,The Peanut Butter Falcon,2019,https://boxd.it/gzu2
2021-01-09,The Cabin in the Woods,2011,https://boxd.it/1zOc
2021-01-10,Dick Johnson Is Dead,2020,https://boxd.it/oigy
2021-01-11,Thunder Road,2018,https://boxd.it/i8Hs
2021-01-11,Possessor,2020,https://boxd.it/fsJW
2021-01-12,The Pixar Story,2007,https://boxd.it/1Mtm
2021-01-13,Soul,2020,https://boxd.it/ioLA
2021-01-13,Aladdin,1992,https://boxd.it/29yE
2021-01-13,Hercules,1997,https://boxd.it/1SDW
2021-01-13,The Nightmare Before Christmas,1993,https://boxd.it/1YzQ
2021-01-13,Pirates of the Caribbean: Dead Man's Chest,2006,https://boxd.it/2bfk
2021-01-13,Pirates of the Caribbean: At World's End,2007,https://boxd.it/2aGu
2021-01-13,Good Burger,1997,https://boxd.it/1Nkg
2021-01-15,Texas Chainsaw 3D,2013,https://boxd.it/2E7O
2021-01-15,Climax,2018,https://boxd.it/ikvo
2021-01-15,"O Brother, Where Art Thou?",2000,https://boxd.it/2b3I
2021-01-16,The American President,1995,https://boxd.it/1Zce
2021-01-17,Black Box,2020,https://boxd.it/qPFK
2021-01-17,In Bruges,2008,https://boxd.it/20n8
2021-01-18,I Don't Feel at Home in This World Anymore,2017,https://boxd.it/f42u
2021-01-19,Thank You for Smoking,2005,https://boxd.it/1YOc
2021-01-19,Circle,2015,https://boxd.it/b5So
2021-01-20,The Lovebirds,2020,https://boxd.it/labE
2021-01-22,The Dark Knight Rises,2012,https://boxd.it/H3m
2021-01-22,Batman Begins,2005,https://boxd.it/2aIg
2021-01-23,Archive,2020,https://boxd.it/mnyy
2021-01-23,There Will Be Blood,2007,https://boxd.it/20Z2
2021-01-24,The Beach Bum,2019,https://boxd.it/fH4O
2021-01-26,When They See Us,2019,https://boxd.it/kbJU
2021-01-28,Aladdin,2019,https://boxd.it/eSjy
2021-01-28,Solo: A Star Wars Story,2018,https://boxd.it/bGWs
2021-01-28,Ready Player One,2018,https://boxd.it/aZes
2021-01-28,A Quiet Place,2018,https://boxd.it/fVJQ
2021-01-28,Game Night,2018,https://boxd.it/fRtu
2021-01-28,"Love, Simon",2018,https://boxd.it/g02s
2021-01-28,Black Panther,2018,https://boxd.it/8MHs
2021-01-28,Thor: Ragnarok,2017,https://boxd.it/8MHi
2021-01-28,mother!,2017,https://boxd.it/dgRU
2021-01-28,It,2017,https://boxd.it/bC8e
2021-01-28,Okja,2017,https://boxd.it/dvXe
2021-01-28,Guardians of the Galaxy Vol. 2,2017,https://boxd.it/8MxC
2021-01-28,Zootopia,2016,https://boxd.it/84xS
2021-01-28,Star Wars: The Force Awakens,2015,https://boxd.it/4vru
2021-01-28,Star Wars: The Last Jedi,2017,https://boxd.it/5xme
2021-01-28,Big Hero 6,2014,https://boxd.it/5rje
2021-01-28,Frozen,2013,https://boxd.it/3GNa
2021-01-28,The Avengers,2012,https://boxd.it/1xFW
2021-01-28,The Hunger Games,2012,https://boxd.it/2uds
2021-01-28,Harry Potter and the Deathly Hallows: Part 2,2011,https://boxd.it/1RYk
2021-01-28,Thor,2011,https://boxd.it/1WQU
2021-01-28,Iron Man,2008,https://boxd.it/28dA
2021-01-28,V for Vendetta,2005,https://boxd.it/29Ik
2021-01-28,Star Wars: Episode III – Revenge of the Sith,2005,https://boxd.it/27US
2021-01-28,National Treasure,2004,https://boxd.it/27x0
2021-01-28,Harry Potter and the Prisoner of Azkaban,2004,https://boxd.it/29Qy
2021-01-28,Shaun of the Dead,2004,https://boxd.it/29J8
2021-01-28,Pirates of the Caribbean: The Curse of the Black Pearl,2003,https://boxd.it/70G
2021-01-28,Finding Nemo,2003,https://boxd.it/72i
2021-01-28,Catch Me If You Can,2002,https://boxd.it/29VS
2021-01-28,Harry Potter and the Chamber of Secrets,2002,https://boxd.it/29QI
2021-01-28,Star Wars: Episode II – Attack of the Clones,2002,https://boxd.it/27V2
2021-01-28,Spider-Man,2002,https://boxd.it/2a8i
2021-01-28,Harry Potter and the Philosopher's Stone,2001,https://boxd.it/29QS
2021-01-28,"Monsters, Inc.",2001,https://boxd.it/2a46
2021-01-28,Shrek,2001,https://boxd.it/29zi
2021-01-28,Donnie Darko,2001,https://boxd.it/2b2A
2021-01-28,Gladiator,2000,https://boxd.it/2b9m
2021-01-28,Toy Story 2,1999,https://boxd.it/29qq
2021-01-28,The Sixth Sense,1999,https://boxd.it/29Js
2021-01-28,Star Wars: Episode I – The Phantom Menace,1999,https://boxd.it/27Vc
2021-01-28,The Matrix,1999,https://boxd.it/2a1m
2021-01-28,Ever After,1998,https://boxd.it/1YDI
2021-01-28,Saving Private Ryan,1998,https://boxd.it/29ro
2021-01-28,Mulan,1998,https://boxd.it/1VFw
2021-01-28,Good Will Hunting,1997,https://boxd.it/2ahY
2021-01-28,Titanic,1997,https://boxd.it/2a2k
2021-01-28,Gattaca,1997,https://boxd.it/29Du
2021-01-28,Toy Story,1995,https://boxd.it/29qA
2021-01-28,Schindler's List,1993,https://boxd.it/2aq2
2021-01-28,Free Willy,1993,https://boxd.it/28qO
2021-01-28,Edward Scissorhands,1990,https://boxd.it/2aZc
2021-01-28,Home Alone,1990,https://boxd.it/29Fg
2021-01-28,The Little Mermaid,1989,https://boxd.it/1WYO
2021-01-28,"Honey, I Shrunk the Kids",1989,https://boxd.it/1YTw
2021-01-28,Dead Poets Society,1989,https://boxd.it/2aSg
2021-01-28,Ferris Bueller's Day Off,1986,https://boxd.it/1YPY
2021-01-28,The Breakfast Club,1985,https://boxd.it/27q4
2021-01-28,Return of the Jedi,1983,https://boxd.it/27Vm
2021-01-28,E.T. the Extra-Terrestrial,1982,https://boxd.it/2a1G
2021-01-28,Raiders of the Lost Ark,1981,https://boxd.it/2bbs
2021-01-28,Rocky,1976,https://boxd.it/28Uk
2021-01-28,Jaws,1975,https://boxd.it/2a5e
2021-01-29,His House,2020,https://boxd.it/l8Qq
2021-01-30,Infinity Chamber,2016,https://boxd.it/fceo
2021-01-30,Peter Pan,2003,https://boxd.it/1VQY
2021-01-31,The Guest,2014,https://boxd.it/76RS
2021-02-01,Horse Girl,2020,https://boxd.it/oioi
2021-02-03,Blow the Man Down,2019,https://boxd.it/lzJ2
2021-02-03,Groundhog Day,1993,https://boxd.it/2b3e
2021-02-03,Apostle,2018,https://boxd.it/f0so
2021-02-05,Contact,1997,https://boxd.it/29OM
2021-02-07,The Wind Rises,2013,https://boxd.it/4JQS
2021-02-07,28 Days Later,2002,https://boxd.it/2aXU
2021-02-07,The Lost World: Jurassic Park,1997,https://boxd.it/2azS
2021-02-07,Jurassic World: Fallen Kingdom,2018,https://boxd.it/bOnU
2021-02-07,Nacho Libre,2006,https://boxd.it/1YTG
2021-02-09,WandaVision,2021,https://boxd.it/sbGW
2021-02-11,The Endless,2017,https://boxd.it/ffyw
2021-02-11,Only God Forgives,2013,https://boxd.it/2HBs
2021-02-11,Across the Universe,2007,https://boxd.it/23X4
2021-02-12,The King,2019,https://boxd.it/ieZs
2021-02-13,Resolution,2012,https://boxd.it/41hY
2021-02-13,Beyond the Line,2020,https://boxd.it/sG8m
2021-02-13,Nomadland,2020,https://boxd.it/lnRy
2021-02-14,Death by Hanging,1968,https://boxd.it/3nPm
2021-02-14,Harry Kiri,2019,https://boxd.it/mwxE
2021-02-14,A Family That Steals Dogs,2020,https://boxd.it/sUDS
2021-02-14,Green Grass,2020,https://boxd.it/spUo
2021-02-14,Kapaemahu,2020,https://boxd.it/qFea
2021-02-14,Benevolent Ba,2020,https://boxd.it/olGY
2021-02-14,It's Okay,2020,https://boxd.it/sflS
2021-02-17,Gabby!,2020,https://boxd.it/qncK
2021-02-17,Blocks,2020,https://boxd.it/olEI
2021-02-17,Anna,2019,https://boxd.it/lYvY
2021-02-17,Minari,2020,https://boxd.it/mL9M
2021-02-18,Alina,2019,https://boxd.it/rTeg
2021-02-18,"Gon, the Little Fox",2019,https://boxd.it/olAc
2021-02-19,The Haunted Swordsman,2019,https://boxd.it/nt9Q
2021-02-19,Moon Drops,2018,https://boxd.it/mxk2
2021-02-19,How to Stop a Recurring Dream,2021,https://boxd.it/sW3s
2021-02-19,Gone,2020,https://boxd.it/sMKw
2021-02-20,Mean Girls,2004,https://boxd.it/1VNg
2021-02-20,Signs,2002,https://boxd.it/26t2
2021-02-23,Lady Macbeth,2016,https://boxd.it/erJk
2021-02-24,Kirikou and the Sorceress,1998,https://boxd.it/1C3y
2021-02-25,Come to Daddy,2019,https://boxd.it/lAqK
2021-02-25,The Mandela Effect,2019,https://boxd.it/hGGQ
2021-02-26,Judas and the Black Messiah,2021,https://boxd.it/lsew
2021-03-02,Dredd,2012,https://boxd.it/GZE
2021-03-03,Caronte,2017,https://boxd.it/in8i
2021-03-03,Watch Room,2019,https://boxd.it/mB9M
2021-03-03,SophiaWorld,2019,https://boxd.it/nk8u
2021-03-03,World Builder,2007,https://boxd.it/wYc
2021-03-03,Regulation,2019,https://boxd.it/oyvu
2021-03-03,Invaders,2018,https://boxd.it/kQX4
2021-03-03,Snapdragons,2016,https://boxd.it/f6Qm
2021-03-04,Watchmen,2019,https://boxd.it/ol5e
2021-03-04,Sharp Objects,2018,https://boxd.it/j3NM
2021-03-04,Black Mirror: The National Anthem,2011,https://boxd.it/hQYK
2021-03-04,Black Mirror: Fifteen Million Merits,2011,https://boxd.it/hQYU
2021-03-04,Black Mirror: Be Right Back,2013,https://boxd.it/hRpw
2021-03-04,Black Mirror: White Bear,2013,https://boxd.it/hRpG
2021-03-04,Black Mirror: The Waldo Moment,2013,https://boxd.it/hRpQ
2021-03-04,Black Mirror: Nosedive,2016,https://boxd.it/hK9G
2021-03-04,Black Mirror: Playtest,2016,https://boxd.it/hRR6
2021-03-04,Black Mirror: Shut Up and Dance,2016,https://boxd.it/hRRq
2021-03-04,Black Mirror: Men Against Fire,2016,https://boxd.it/hSBS
2021-03-04,Black Mirror: Hated in the Nation,2016,https://boxd.it/hSBI
2021-03-04,Black Mirror: Crocodile,2017,https://boxd.it/hRoS
2021-03-04,Black Mirror: Hang the DJ,2017,https://boxd.it/hQYA
2021-03-04,Black Mirror: Metalhead,2017,https://boxd.it/hRqk
2021-03-04,Black Mirror: Black Museum,2017,https://boxd.it/hRqu
2021-03-04,Black Mirror: Bandersnatch,2018,https://boxd.it/kTDG
2021-03-04,Black Mirror: Striking Vipers,2019,https://boxd.it/mlse
2021-03-04,Battlestar Galactica,2003,https://boxd.it/aBAu
2021-03-04,Trump: An American Dream,2017,https://boxd.it/k0Ps
2021-03-04,The Curious Case of Benjamin Button,2008,https://boxd.it/23Fk
2021-03-04,Ghostbusters,1984,https://boxd.it/g2w
2021-03-04,Back to the Future,1985,https://boxd.it/2b8e
2021-03-04,Beetlejuice,1988,https://boxd.it/24QI
2021-03-04,The Fly,1986,https://boxd.it/1YIe
2021-03-04,Chicken Run,2000,https://boxd.it/20Xg
2021-03-04,Scary Movie,2000,https://boxd.it/24CG
2021-03-04,I Am Legend,2007,https://boxd.it/21DG
2021-03-04,Superman Returns,2006,https://boxd.it/28J2
2021-03-04,Paranormal Activity,2007,https://boxd.it/1yIM
2021-03-04,The Wizard of Oz,1939,https://boxd.it/29Xu
2021-03-04,The Chronicles of Riddick,2004,https://boxd.it/26iy
2021-03-04,The Ring,2002,https://boxd.it/2a70
2021-03-04,Labyrinth,1986,https://boxd.it/1POC
2021-03-04,Hook,1991,https://boxd.it/29nQ
2021-03-07,Valerian and the City of a Thousand Planets,2017,https://boxd.it/biYY
2021-03-07,Boys & Toys,2020,https://boxd.it/qA66
2021-03-10,Blue Ruin,2013,https://boxd.it/5H8G
2021-03-11,Super Mario Bros.,1993,https://boxd.it/1YfG
2021-03-12,Sicario,2015,https://boxd.it/8i7u
2021-03-12,The Father,2020,https://boxd.it/m8Ie
2021-03-12,The Post,2017,https://boxd.it/fTeG
2021-03-13,Nightcrawler,2014,https://boxd.it/780m
2021-03-16,Sound of Metal,2019,https://boxd.it/i7Q4
2021-03-17,The Ides of March,2011,https://boxd.it/1WyG
2021-03-22,The Dig,2021,https://boxd.it/jo2i
2021-03-24,Chaos Walking,2021,https://boxd.it/ey2M
2021-03-24,The History of Time Travel,2014,https://boxd.it/bCaE
2021-03-25,Palm Springs,2020,https://boxd.it/lCXQ
2021-03-30,The Alchemist Cookbook,2016,https://boxd.it/dg9S
2021-03-31,You Were Never Really Here,2017,https://boxd.it/dWOS
2021-04-01,Captain Fantastic,2016,https://boxd.it/b2K2
2021-04-04,Malcolm & Marie,2021,https://boxd.it/r5cO
2021-04-05,Solaris,1972,https://boxd.it/2a2Y
2021-04-11,Walk Hard: The Dewey Cox Story,2007,https://boxd.it/21wK
2021-04-13,The Crazies,1973,https://boxd.it/1nwg
2021-04-15,The Return,2018,https://boxd.it/hYPm
2021-04-18,Synchronic,2019,https://boxd.it/k3M2
2021-04-20,Forgetting Sarah Marshall,2008,https://boxd.it/1XEq
2021-04-23,"Empathy, Inc.",2018,https://boxd.it/j3Ky
2021-04-24,The Devil Wears Prada,2006,https://boxd.it/2awE
2021-04-25,The Falcon and the Winter Soldier,2021,https://boxd.it/sbH6
2021-04-27,Fear & Shame,2017,https://boxd.it/gQLu
2021-04-30,Demon Slayer -Kimetsu no Yaiba- The Movie: Mugen Train,2020,https://boxd.it/nyLU
2021-05-03,Blade Runner,1982,https://boxd.it/2bcA
2021-05-10,A Man Called Ove,2015,https://boxd.it/bHuY
2021-05-10,The Babadook,2014,https://boxd.it/77xu
2021-05-11,The Sandlot,1993,https://boxd.it/1TDy
2021-05-17,Popeye the Sailor Meets Sindbad the Sailor,1936,https://boxd.it/2f70
2021-05-20,R'ha,2013,https://boxd.it/4Z46
2021-06-01,The Assistant,2019,https://boxd.it/neWo
2021-06-03,Ring,1998,https://boxd.it/26tw
2021-06-05,Bo Burnham: Inside,2021,https://boxd.it/v2uy
2021-06-06,A Quiet Place Part II,2020,https://boxd.it/iTx0
2021-06-07,Another Round,2020,https://boxd.it/lkba
2021-06-08,Bo Burnham: Make Happy,2016,https://boxd.it/e436
2021-06-12,The Holy Mountain,1973,https://boxd.it/20mu
2021-06-14,The Wise Kids,2011,https://boxd.it/2Riq
2021-06-15,Searching,2018,https://boxd.it/hDPg
2021-06-17,The Fare,2018,https://boxd.it/lDEq
2021-06-19,50/50,2011,https://boxd.it/10Tw
2021-06-19,The Descent,2005,https://boxd.it/1YNy
2021-06-22,Luca,2021,https://boxd.it/ipjC
2021-06-23,Collateral Beauty,2016,https://boxd.it/bAIu
2021-06-23,The Village,2004,https://boxd.it/21iS
2021-06-24,Ghost in the Shell,1995,https://boxd.it/1YYc
2021-06-25,The Neon Demon,2016,https://boxd.it/9AnW
2021-06-26,Napoleon Dynamite,2004,https://boxd.it/20wu
2021-06-26,"Dude, Where's My Car?",2000,https://boxd.it/1ZJi
2021-06-26,F9,2021,https://boxd.it/dqsU
2021-06-30,Melancholia,2011,https://boxd.it/bPI
2021-07-03,A.I. Artificial Intelligence,2001,https://boxd.it/29Ve
2021-07-09,Black Widow,2021,https://boxd.it/hWV8
2021-07-16,Loki,2021,https://boxd.it/sbHg
2021-07-18,Barb & Star Go to Vista Del Mar,2021,https://boxd.it/lX9M
2021-07-19,Little Monsters,2019,https://boxd.it/iarm
2021-07-23,Alien,1979,https://boxd.it/2awY
2021-07-25,The Gentlemen,2019,https://boxd.it/iYBQ
2021-07-25,Snake Eyes: G.I. Joe Origins,2021,https://boxd.it/kRf8
2021-07-30,The Green Knight,2021,https://boxd.it/kuy2
2021-08-04,Brick,2005,https://boxd.it/1Z6A
2021-08-04,Violet Evergarden: Eternity and the Auto Memory Doll,2019,https://boxd.it/mzze
2021-08-04,Midnight in Paris,2011,https://boxd.it/i4a
2021-08-11,The Ticket,2016,https://boxd.it/b2Kc
2021-08-14,Mirror,1975,https://boxd.it/28Q8
2021-08-14,Zach Galifianakis: Live at the Purple Onion,2007,https://boxd.it/1K40
2021-08-14,Grave of the Fireflies,1988,https://boxd.it/1RUM
2021-08-14,The Wicker Man,1973,https://boxd.it/1KnG
2021-08-29,Fast Five,2011,https://boxd.it/BgO
2021-08-30,Red Sparrow,2018,https://boxd.it/e7Pi
2021-08-30,Emma.,2020,https://boxd.it/kmg0
2021-09-02,Water for Elephants,2011,https://boxd.it/r02
2021-09-03,Shang-Chi and the Legend of the Ten Rings,2021,https://boxd.it/kLDI
2021-09-05,The Wolf of Snow Hollow,2020,https://boxd.it/oeu2
2021-09-06,Daniel Isn't Real,2019,https://boxd.it/jAx8
2021-09-07,I Am Mother,2019,https://boxd.it/ihNE
2021-09-07,The Karate Kid,1984,https://boxd.it/27Wk
2021-09-07,Lifeline,2018,https://boxd.it/mrQc
2021-09-09,The Matrix Reloaded,2003,https://boxd.it/2a1c
2021-09-13,Clueless,1995,https://boxd.it/1Ygk
2021-09-13,Monty Python and the Holy Grail,1975,https://boxd.it/29GI
2021-09-15,Stalker,1979,https://boxd.it/28PO
2021-09-18,Bill & Ted's Excellent Adventure,1989,https://boxd.it/28oI
2021-09-18,Bill & Ted's Bogus Journey,1991,https://boxd.it/28oy
2021-09-20,All the Boys Are Called Patrick,1959,https://boxd.it/2J8s
2021-09-22,The Addams Family,1991,https://boxd.it/267g
2021-09-22,Koyaanisqatsi,1982,https://boxd.it/1U9E
2021-09-23,The Place Beyond the Pines,2012,https://boxd.it/3mDu
2021-09-24,Newsies,1992,https://boxd.it/1MtG
2021-09-26,Don Jon,2013,https://boxd.it/4sdk
2021-09-28,Prisoners,2013,https://boxd.it/4E5i
2021-09-30,Midnight Mass,2021,https://boxd.it/wvVA
2021-10-01,Noroi: The Curse,2005,https://boxd.it/1BN6
2021-10-03,Blue Valentine,2010,https://boxd.it/MxG
2021-10-05,Best Man,2016,https://boxd.it/ebtq
2021-10-05,Hush,2016,https://boxd.it/d5ys
2021-10-07,The Others,2001,https://boxd.it/27Po
2021-10-10,Pioneer,2011,https://boxd.it/2Ruc
2021-10-11,No Time to Die,2021,https://boxd.it/cPX2
2021-10-11,There's Someone Inside Your House,2021,https://boxd.it/ix1c
2021-10-12,The Babysitter,2017,https://boxd.it/eP1w
2021-10-13,Dave Chappelle: The Closer,2021,https://boxd.it/xbe4
2021-10-14,The Exorcist,1973,https://boxd.it/1Yoo
2021-10-15,Big Fish,2003,https://boxd.it/2a3M
2021-10-16,Squid Game,2021,https://boxd.it/x1OG
2021-10-17,Lamb,2021,https://boxd.it/tFwE
2021-10-22,Dune,2021,https://boxd.it/fA7G
2021-10-23,Jeremiah Johnson,1972,https://boxd.it/1SIi
2021-10-25,The Babysitter: Killer Queen,2020,https://boxd.it/n4VA
2021-10-28,Malevolent,2018,https://boxd.it/hijI
2021-10-28,Rango,2011,https://boxd.it/QPk
2021-10-30,Train to Busan,2016,https://boxd.it/dSQU
2021-10-31,"The French Dispatch of the Liberty, Kansas Evening Sun",2021,https://boxd.it/jLP8
2021-11-01,Halloweentown,1998,https://boxd.it/1qPq
2021-11-01,A Bug's Life,1998,https://boxd.it/1Yyy
2021-11-01,Last Night in Soho,2021,https://boxd.it/lbJC
2021-11-02,Passing,2021,https://boxd.it/jKdM
2021-11-03,Little Miss Sunshine,2006,https://boxd.it/29EW
2021-11-04,Devil,2010,https://boxd.it/SX6
2021-11-04,Prometheus,2012,https://boxd.it/2s9e
2021-11-05,The Bad Mother's Handbook,2007,https://boxd.it/DPm
2021-11-05,The Lost City of Z,2016,https://boxd.it/a7jS
2021-11-05,Eternals,2021,https://boxd.it/j36o
2021-11-09,Spider-Man: Far From Home,2019,https://boxd.it/fegG
2021-11-10,Antlers,2021,https://boxd.it/iI50
2021-11-10,Spencer,2021,https://boxd.it/qPMG
2021-11-10,Sweeney Todd: The Demon Barber of Fleet Street,2007,https://boxd.it/1PcS
2021-11-13,2001: A Space Odyssey,1968,https://boxd.it/2bf0
2021-11-13,Glory Road,2006,https://boxd.it/1XwQ
2021-11-14,Noah,2014,https://boxd.it/34QA
2021-11-14,About Time,2013,https://boxd.it/43bI
2021-11-18,Never Let Me Go,2010,https://boxd.it/Xw0
2021-11-20,Ghostbusters: Afterlife,2021,https://boxd.it/f4Pw
2021-11-24,House of Gucci,2021,https://boxd.it/nVkC
2021-11-24,The Last of the Mohicans,1992,https://boxd.it/1YSo
2021-11-25,The Map of Tiny Perfect Things,2021,https://boxd.it/p3O8
2021-11-26,Belfast,2021,https://boxd.it/tefG
2021-11-27,"tick, tick... BOOM!",2021,https://boxd.it/jz2e
2021-11-27,Pig,2021,https://boxd.it/nzoW
2021-11-27,Ciao Alberto,2021,https://boxd.it/x4F8
2021-11-27,The Thing,2011,https://boxd.it/eS6
2021-11-28,The Seventh Seal,1957,https://boxd.it/2ahO
2021-12-01,Super 8,2011,https://boxd.it/dVI
2021-12-02,The Shawshank Redemption,1994,https://boxd.it/2aHi
2021-12-06,Jumanji,1995,https://boxd.it/1ZLI
2021-12-08,The Master,2012,https://boxd.it/2cBG
2021-12-09,The Thing,1982,https://boxd.it/294O
2021-12-11,Bill & Ted Face the Music,2020,https://boxd.it/i7BI
2021-12-13,Rushmore,1998,https://boxd.it/1TAO
2021-12-17,Charade,1963,https://boxd.it/23O2
2021-12-17,Spider-Man: No Way Home,2021,https://boxd.it/nwRw
2021-12-19,A Charlie Brown Christmas,1965,https://boxd.it/1QDq
2021-12-22,Nightmare Alley,2021,https://boxd.it/m0HC
2021-12-24,You Can't Take It with You,1938,https://boxd.it/1ejM
2021-12-24,A Christmas Story,1983,https://boxd.it/29sw
2021-12-24,Stagecoach,1939,https://boxd.it/297S
2021-12-26,Don't Look Up,2021,https://boxd.it/o0Hc
2021-12-26,The Matrix Resurrections,2021,https://boxd.it/n87k
2021-12-27,The House That Jack Built,2018,https://boxd.it/dWO4
2021-12-30,The Royal Tenenbaums,2001,https://boxd.it/1YHU
2021-12-30,The Power of the Dog,2021,https://boxd.it/m99E
2021-12-30,Death to 2021,2021,https://boxd.it/yj28
2021-12-31,In the Earth,2021,https://boxd.it/s652
2022-01-02,West Side Story,2021,https://boxd.it/iwt0
2022-01-03,The Eyes of Tammy Faye,2021,https://boxd.it/mbB6
2022-01-04,The Hand of God,2021,https://boxd.it/r5uI
2022-01-04,The Lost Daughter,2021,https://boxd.it/kgww
2022-01-05,"Summer of Soul (...Or, When the Revolution Could Not Be Televised)",2021,https://boxd.it/tbhu
2022-01-05,The Mask of Zorro,1998,https://boxd.it/1YVi
2022-01-06,Mad Max: Fury Road,2015,https://boxd.it/2DjO
2022-01-06,Memento,2000,https://boxd.it/2bcK
2022-01-06,The Paradise Next Door,2021,https://boxd.it/u6mw
2022-01-06,Lunch on the Grass,2019,https://boxd.it/o16m
2022-01-06,Doctor Strange,2016,https://boxd.it/8MH8
2022-01-08,Licorice Pizza,2021,https://boxd.it/qTKY
2022-01-08,The Tragedy of Macbeth,2021,https://boxd.it/lMi4
2022-01-12,"The Good, the Bad and the Ugly",1966,https://boxd.it/2ape
2022-01-12,Encanto,2021,https://boxd.it/kPRu
2022-01-14,Airplane!,1980,https://boxd.it/29yu
2022-01-14,C'est la Vie,2016,https://boxd.it/iXNm
2022-01-17,Enemy,2013,https://boxd.it/5xtO
2022-01-18,2010: The Year We Make Contact,1984,https://boxd.it/24lK
2022-01-19,Scream,2022,https://boxd.it/o0lg
2022-01-19,It Follows,2014,https://boxd.it/87wo
2022-01-21,Good News,1947,https://boxd.it/1iVK
2022-01-23,Say Anything...,1989,https://boxd.it/27B2
2022-01-24,Nobody,2021,https://boxd.it/mLqS
2022-01-29,Moonstruck,1987,https://boxd.it/27zg
2022-01-31,Malignant,2021,https://boxd.it/mViE
2022-02-02,Bicycle Thieves,1948,https://boxd.it/23hW
2022-02-03,Inside Llewyn Davis,2013,https://boxd.it/34Ro
2022-02-03,Easy A,2010,https://boxd.it/17DK
2022-02-05,Promising Young Woman,2020,https://boxd.it/loRE
2022-02-05,Europa,1991,https://boxd.it/1ZfM
2022-02-06,Jackass Forever,2022,https://boxd.it/opUg
2022-02-06,Ford v Ferrari,2019,https://boxd.it/ce74
2022-02-07,The Beta Test,2021,https://boxd.it/sa0g
2022-02-08,Plaisir,2021,https://boxd.it/ugsO
2022-02-09,CODA,2021,https://boxd.it/tbf4
2022-02-09,Panic Room,2002,https://boxd.it/2490
2022-02-09,The Midnight Gospel,2020,https://boxd.it/xlUa
2022-02-09,Videodrome,1983,https://boxd.it/29uC
2022-02-09,Fury,2014,https://boxd.it/6JwC
2022-02-10,The Day After Tomorrow,2004,https://boxd.it/2aog
2022-02-10,Flee,2021,https://boxd.it/ponM
2022-02-11,The Queen of Basketball,2021,https://boxd.it/uZY6
2022-02-11,Extreme Days,2001,https://boxd.it/OwU
2022-02-11,A Goofy Movie,1995,https://boxd.it/1Lwu
2022-02-11,But I'm a Cheerleader,1999,https://boxd.it/1CW4
2022-02-12,Planet of the Apes,1968,https://boxd.it/29p8
2022-02-12,Porco Rosso,1992,https://boxd.it/1Tp2
2022-02-13,Kimi,2022,https://boxd.it/u7LW
2022-02-15,Heaven Adores You,2014,https://boxd.it/8quG
2022-02-17,Hackers,1995,https://boxd.it/1WhU
2022-02-17,Pocahontas,1995,https://boxd.it/1W2g
2022-02-17,Beauty and the Beast,1991,https://boxd.it/1XhG
2022-02-17,Galaxy Quest,1999,https://boxd.it/29gq
2022-02-19,Fruitvale Station,2013,https://boxd.it/4VRy
2022-02-28,Phantom Thread,2017,https://boxd.it/e4uc
2022-03-01,Prisoners of the Ghostland,2021,https://boxd.it/j0NY
2022-03-03,Drive My Car,2021,https://boxd.it/sv94
2022-03-03,Cloverfield,2008,https://boxd.it/2192
2022-03-04,The Batman,2022,https://boxd.it/eDGs
2022-03-07,Swallow,2019,https://boxd.it/lA0i
2022-03-08,Jeff Drives You,2019,https://boxd.it/p8KK
2022-03-08,Another Hayride,2021,https://boxd.it/tiaK
2022-03-08,My Friend Dahmer,2017,https://boxd.it/fQ7W
2022-03-08,The Jump,2018,https://boxd.it/zhF0
2022-03-09,Orange County,2002,https://boxd.it/1SVc
2022-03-13,Bel Ami,2012,https://boxd.it/33Yo
2022-03-17,Blink,2022,https://boxd.it/zeko
2022-03-19,Turning Red,2022,https://boxd.it/ipkq
2022-03-23,X,2022,https://boxd.it/sxVa
2022-03-23,Umma,2022,https://boxd.it/scAg
2022-03-24,Blue Velvet,1986,https://boxd.it/29BI
2022-03-27,The Ballad of Buster Scruggs,2018,https://boxd.it/jB2q
2022-03-28,King Richard,2021,https://boxd.it/mJZ2
2022-03-31,The Imitation Game,2014,https://boxd.it/6aig
2022-04-03,Shirley,2020,https://boxd.it/jY2o
2022-04-05,The Hitchhiker's Guide to the Galaxy,2005,https://boxd.it/20VE
2022-04-06,Carnival of Souls,1962,https://boxd.it/1KQ4
2022-04-06,The Big Score,2022,https://boxd.it/AcCs
2022-04-06,Jujutsu Kaisen 0,2021,https://boxd.it/uvFS
2022-04-12,Everything Everywhere All at Once,2022,https://boxd.it/jUk4
2022-04-14,The DUFF,2015,https://boxd.it/8eP8
2022-04-14,Rock-A-Doodle,1991,https://boxd.it/1DvS
2022-04-18,WOLF,2022,https://boxd.it/AcCi
2022-04-18,ESCAPE,2019,https://boxd.it/Acyq
2022-04-26,The Northman,2022,https://boxd.it/nK2s
2022-04-30,Life Itself,2018,https://boxd.it/fUda
2022-05-04,The Night House,2020,https://boxd.it/jZze
2022-05-05,Moon Knight,2022,https://boxd.it/zeDq
2022-05-05,The Other Lamb,2019,https://boxd.it/mQBm
2022-05-09,Good Morning,1959,https://boxd.it/2lkk
2022-05-10,Stranger Than Fiction,2006,https://boxd.it/28Za
2022-05-11,The Mark of Zorro,1940,https://boxd.it/1hJS
2022-05-16,Ponyo,2008,https://boxd.it/1S0A
2022-05-17,"All Light, Everywhere",2021,https://boxd.it/l5q0
2022-05-20,Drag Me to Hell,2009,https://boxd.it/1Jzw
2022-05-23,The Godfather,1972,https://boxd.it/2aNK
2022-05-26,Kung Pow: Enter the Fist,2002,https://boxd.it/1SQm
2022-05-27,GoodFellas,1990,https://boxd.it/29FA
2022-05-28,Top Gun: Maverick,2022,https://boxd.it/cjr4
2022-06-01,Voyage of Time: Life's Journey,2016,https://boxd.it/34Sw
2022-06-06,Top Gun,1986,https://boxd.it/29JC
2022-06-07,Drums West,1961,https://boxd.it/hsxq
2022-06-07,Cosmopolis,2012,https://boxd.it/H4O
2022-06-08,Beach Rats,2017,https://boxd.it/f5m6
2022-06-11,The Lodge,2019,https://boxd.it/h2c2
2022-06-14,And Then We Danced,2019,https://boxd.it/m0e6
2022-06-15,Max Richter's Sleep,2019,https://boxd.it/o8SW
2022-06-16,The Worst Person in the World,2021,https://boxd.it/oyws
2022-06-17,Do the Right Thing,1989,https://boxd.it/29gA
2022-06-19,Being 17,2016,https://boxd.it/d6U0
2022-06-23,Angst,1983,https://boxd.it/1G46
2022-06-25,Short Term 12,2013,https://boxd.it/5f6s
2022-06-26,The Black Phone,2021,https://boxd.it/sqFE
2022-06-30,Independence Day,1996,https://boxd.it/2a1w
2022-07-01,"What's Up, Doc?",1972,https://boxd.it/21iy
2022-07-02,Dirty Work,1998,https://boxd.it/1NOg
2022-07-04,Spiderhead,2022,https://boxd.it/mLsO
2022-07-07,"Good Luck to You, Leo Grande",2022,https://boxd.it/stYk
2022-07-07,Matthias & Maxime,2019,https://boxd.it/iOQ2
2022-07-07,On the Count of Three,2021,https://boxd.it/tbfI
2022-07-11,Mad God,2021,https://boxd.it/vVPm
2022-07-12,Mass,2021,https://boxd.it/eYAA
2022-07-14,School of Rock,2003,https://boxd.it/28xK
2022-07-16,Thor: Love and Thunder,2022,https://boxd.it/mMAY
2022-07-22,Nope,2022,https://boxd.it/sDCe
2022-07-23,Time Piece,1965,https://boxd.it/IrE
2022-07-24,Burn After Reading,2008,https://boxd.it/23BW
2022-07-25,Halloween,1978,https://boxd.it/2wRu
2022-07-26,Predator,1987,https://boxd.it/2b84
2022-07-26,Last Action Hero,1993,https://boxd.it/1YhW
2022-07-27,Home Videos,2019,https://boxd.it/menc
2022-08-05,Bullet Train,2022,https://boxd.it/qW26
2022-08-06,Final Fantasy VII: Advent Children,2005,https://boxd.it/29UK
2022-08-07,Corpse Bride,2005,https://boxd.it/24WQ
2022-08-08,Not Okay,2022,https://boxd.it/vCEY
2022-08-08,Liar Liar,1997,https://boxd.it/28sg
2022-08-08,The Parent Trap,1961,https://boxd.it/1Fw4
2022-08-08,The Parent Trap,1998,https://boxd.it/1XJq
2022-08-09,All My Friends Hate Me,2021,https://boxd.it/uWPK
2022-08-11,Prey,2022,https://boxd.it/sNBU
2022-08-12,Babyteeth,2019,https://boxd.it/iWDU
2022-08-12,Chronicle,2012,https://boxd.it/2Emk
2022-08-14,Corpus Christi,2019,https://boxd.it/gULy
2022-08-15,Westworld,1973,https://boxd.it/26RS
2022-08-15,The Pursuit of Happyness,2006,https://boxd.it/28PE
2022-08-15,Minority Report,2002,https://boxd.it/2aWi
2022-08-16,I Am Michael,2015,https://boxd.it/99pw
2022-08-19,The Big Lebowski,1998,https://boxd.it/2b6C
2022-08-20,Belle,2021,https://boxd.it/tbEe
2022-08-23,The Wolf of Wall Street,2013,https://boxd.it/3C1m
2022-08-25,Rubber,2010,https://boxd.it/P2m
2022-08-29,Watcher,2022,https://boxd.it/uocO
2022-08-29,Crimes of the Future,2022,https://boxd.it/uTuY
2022-09-05,James and the Giant Peach,1996,https://boxd.it/1W0O
2022-09-10,Barbarian,2022,https://boxd.it/yohi
2022-09-10,Mysterious Circumstance: The Death of Meriwether Lewis,2022,https://boxd.it/CFqY
2022-09-11,War and Peace,1965,https://boxd.it/1nRy
2022-09-16,Vampyr,1932,https://boxd.it/29DY
2022-09-21,Hellraiser,1987,https://boxd.it/1Zpi
2022-09-25,Laboratory Conditions,2018,https://boxd.it/hzSK
2022-09-25,Don't Worry Darling,2022,https://boxd.it/mViu
2022-09-26,Citizen Kane,1941,https://boxd.it/71O
2022-10-05,The Woman King,2022,https://boxd.it/r9a8
2022-10-06,Unforgiven,1992,https://boxd.it/6Z4
2022-10-07,My Dinner with Andre,1981,https://boxd.it/1vLe
2022-10-08,Hellraiser,2022,https://boxd.it/bg7S
2022-10-16,MASK,2022,https://boxd.it/D5pM
2022-10-19,V/H/S: Viral,2014,https://boxd.it/80SW
2022-10-19,The Prince of Egypt,1998,https://boxd.it/1XGQ
2022-10-27,Holy Moses,2018,https://boxd.it/kaa0
2022-10-27,Downside Up,2016,https://boxd.it/hlTE
2022-10-29,Werewolf by Night,2022,https://boxd.it/xMrO
2022-10-30,Nadja,1994,https://boxd.it/1dF8
2022-11-01,Terrifier,2016,https://boxd.it/eRzg
2022-11-02,TÁR,2022,https://boxd.it/uNIA
2022-11-05,God Forbid: The Sex Scandal That Brought Down a Dynasty,2022,https://boxd.it/CtPC
2022-11-05,Metropolis,1927,https://boxd.it/71a
2022-11-06,Dustin,2020,https://boxd.it/qJiA
2022-11-06,The Godfather Part II,1974,https://boxd.it/2aNq
2022-11-07,The Mask,1994,https://boxd.it/29rS
2022-11-08,Ernest & Celestine,2012,https://boxd.it/493A
2022-11-08,The Banshees of Inisherin,2022,https://boxd.it/p7XS
2022-11-11,Black Panther: Wakanda Forever,2022,https://boxd.it/igPu
2022-11-13,Zen - Grogu and Dust Bunnies,2022,https://boxd.it/Dwka
2022-11-13,Casper,1995,https://boxd.it/1ZMw
2022-11-13,Addams Family Values,1993,https://boxd.it/26mq
2022-11-15,Johnny Mnemonic,1995,https://boxd.it/1XBQ
2022-11-16,Green Room,2015,https://boxd.it/a75m
2022-11-17,Sol,2020,https://boxd.it/qHOY
2022-11-19,Project X,2016,https://boxd.it/f8K6
2022-11-20,The Menu,2022,https://boxd.it/lScm
2022-11-22,Dog,2022,https://boxd.it/nd4K
2022-11-24,Glass Onion,2022,https://boxd.it/oCkK
2022-11-26,"Lyle, Lyle, Crocodile",2022,https://boxd.it/vkfm
2022-11-27,.TV,2017,https://boxd.it/heya
2022-11-29,Kin,2018,https://boxd.it/f3NY
2022-11-29,The Fabelmans,2022,https://boxd.it/ugoM
2022-11-30,Godzilla,1954,https://boxd.it/28kc
2022-11-30,David Lynch: The Art Life,2016,https://boxd.it/eASq
2022-11-30,Sam Morril: Positive Influence,2018,https://boxd.it/k1PI
2022-12-01,Mark Normand: Out To Lunch,2020,https://boxd.it/qfdU
2022-12-01,Andrew Schulz: Infamous,2022,https://boxd.it/BLly
2022-12-01,Blood Simple,1984,https://boxd.it/1U16
2022-12-04,Firebird,2021,https://boxd.it/u1ei
2022-12-04,Black Hole,2021,https://boxd.it/wUgi
2022-12-04,One-Minute Time Machine,2014,https://boxd.it/bFSO
2022-12-07,Fighting with My Family,2019,https://boxd.it/fRyO
2022-12-07,Jerrod Carmichael: Rothaniel,2022,https://boxd.it/zW6A
2022-12-09,On Another Note,2022,https://boxd.it/E07A
2022-12-09,Jesus of Nazareth,1977,https://boxd.it/hLhG
2022-12-14,Portrait of God,2022,https://boxd.it/CSom
2022-12-14,Kung Fury,2015,https://boxd.it/7mSM
2022-12-15,Black Bear,2020,https://boxd.it/n8ru
2022-12-16,Parallel Man: Infinite Pursuit,2015,https://boxd.it/z9WW
2022-12-18,The Wave,2019,https://boxd.it/mUlW
2022-12-18,Await Further Instructions,2018,https://boxd.it/ifti
2022-12-18,The Square,2017,https://boxd.it/e5YW
2022-12-19,Compliance,2012,https://boxd.it/2XNE
2022-12-20,Avatar: The Way of Water,2022,https://boxd.it/2E2E
2022-12-21,Ismael Loutfi: Sound It Out,2022,https://boxd.it/BNu8
2022-12-23,We Cry Together,2022,https://boxd.it/Ba1G
2022-12-25,Transfigure,2021,https://boxd.it/ulTq
2022-12-26,Seagrass,2019,https://boxd.it/oK2E
2022-12-26,Eyes Wide Shut,1999,https://boxd.it/2axs
2022-12-27,Emily the Criminal,2022,https://boxd.it/wBOq
2022-12-28,Do Revenge,2022,https://boxd.it/sFiA
2022-12-28,The Wonder,2022,https://boxd.it/v3uY
2022-12-28,I Heard It Too,2014,https://boxd.it/eRYA
2022-12-28,Into the Wild,2007,https://boxd.it/22m2
2022-12-29,Causeway,2022,https://boxd.it/lWQq
2022-12-30,Babylon,2022,https://boxd.it/mM02
2022-12-31,The Sound,2021,https://boxd.it/wAKs
2023-01-01,The House,2022,https://boxd.it/yVza
2023-01-02,Entergalactic,2022,https://boxd.it/CPN4
2023-01-03,This Place Rules,2022,https://boxd.it/CJGm
2023-01-05,Lal,2020,https://boxd.it/rKNm
2023-01-08,Peephole,2018,https://boxd.it/s71A
2023-01-10,Backstroke,2017,https://boxd.it/ghAQ
2023-01-10,In the Mouth of Madness,1994,https://boxd.it/26vi
2023-01-11,Piggy,2018,https://boxd.it/inVu
2023-01-12,Group B,2015,https://boxd.it/e5Mw
2023-01-13,Curve,2016,https://boxd.it/dFF0
2023-01-13,M3GAN,2022,https://boxd.it/jxmG
2023-01-14,Upstairs,2021,https://boxd.it/uNLO
2023-01-14,"Surviving You, Always",2021,https://boxd.it/tglm
2023-01-15,Home Education,2016,https://boxd.it/gDvI
2023-01-16,The Whale,2022,https://boxd.it/tw4c
2023-01-17,Dreams,1990,https://boxd.it/1ROu
2023-01-18,A Family Affair,2022,https://boxd.it/zLkc
2023-01-19,Indiana Jones and the Temple of Doom,1984,https://boxd.it/2bb8
2023-01-22,House of Darkness,2022,https://boxd.it/zzlW
2023-01-23,Happy Gilmore,1996,https://boxd.it/1Yey
2023-01-25,Jameson,2018,https://boxd.it/mSwS
2023-01-26,The Unlocking,2022,https://boxd.it/Ebag
2023-01-26,Jezebel,2017,https://boxd.it/pGtS
2023-01-26,The Three Men You Meet at Night,2020,https://boxd.it/qNcc
2023-01-27,Slaughterbots,2017,https://boxd.it/hAv8
2023-01-29,Pearl,2022,https://boxd.it/zPbe
2023-01-31,Infinity Pool,2023,https://boxd.it/oPSK
2023-02-04,Taxi Driver,1976,https://boxd.it/2b8y
2023-02-05,Pumping Iron,1977,https://boxd.it/23dA
2023-02-06,Scream,1996,https://boxd.it/24EC
2023-02-07,Matt Rife: Only Fans,2021,https://boxd.it/JIOS
2023-02-07,Knock at the Cabin,2023,https://boxd.it/npL2
2023-02-09,Scream 2,1997,https://boxd.it/24Es
2023-02-11,Pete Davidson: SMD,2016,https://boxd.it/eNqY
2023-02-12,Scream 3,2000,https://boxd.it/24Ei
2023-02-13,Weekend,2011,https://boxd.it/2Kzu
2023-02-15,Midnight Television,2022,https://boxd.it/F0TG
2023-02-17,Beast,2017,https://boxd.it/gSOK
2023-02-20,Till,2022,https://boxd.it/wfwY
2023-02-21,Flesh and Blood,2016,https://boxd.it/javK
2023-02-22,You'll Only Have Each Other,2018,https://boxd.it/xho0
2023-02-23,Carrie's Doing Great,2020,https://boxd.it/rZfk
2023-02-25,The Bridge Partner,2015,https://boxd.it/eWWE
2023-02-25,Captain America: Civil War,2016,https://boxd.it/89Ja
2023-02-26,Ingrid Goes West,2017,https://boxd.it/evUQ
2023-02-28,Cocaine Bear,2023,https://boxd.it/ugw2
2023-03-03,Leopard Heels,2022,https://boxd.it/CSjm
2023-03-03,High Desert Hell,2019,https://boxd.it/unS0
2023-03-04,Dudecreeps,2020,https://boxd.it/sNzO
2023-03-04,Triangle of Sadness,2022,https://boxd.it/hXlq
2023-03-05,Hardcore,1979,https://boxd.it/XyA
2023-03-06,The Lonely Host,2020,https://boxd.it/s8Fc
2023-03-06,The Rougarou,2019,https://boxd.it/qBtA
2023-03-07,Bye Bye Baby,2017,https://boxd.it/hpa4
2023-03-08,Odd Girl,2019,https://boxd.it/sqqO
2023-03-08,Desire Lines,2019,https://boxd.it/Fq1q
2023-03-09,We're All Going to the World's Fair,2021,https://boxd.it/tbmY
2023-03-14,Scream VI,2023,https://boxd.it/zdfW
2023-03-15,Requiem,2021,https://boxd.it/CxWW
2023-03-15,Contagion,2011,https://boxd.it/13rq
2023-03-15,Aftersun,2022,https://boxd.it/Arw0
2023-03-16,Benny's Video,1992,https://boxd.it/27Hk
2023-03-16,Life After Beth,2014,https://boxd.it/7bqM
2023-03-16,Scanners,1981,https://boxd.it/1YqE
2023-03-21,Following,1998,https://boxd.it/1Tj4
2023-03-22,mid90s,2018,https://boxd.it/fxIa
2023-03-24,Air,2023,https://boxd.it/Arlc
2023-03-25,Pi,1998,https://boxd.it/2ajq
2023-03-31,The Heart Still Hums,2020,https://boxd.it/qXCO
2023-04-01,Tetris,2023,https://boxd.it/rePK
2023-04-01,The Apple Guy,2023,https://boxd.it/FTsq
2023-04-03,Dungeons & Dragons: Honor Among Thieves,2023,https://boxd.it/hN1A
2023-04-07,The Dark Crystal,1982,https://boxd.it/1Tm8
2023-04-10,Paint,2023,https://boxd.it/uYp0
2023-04-11,The Super Mario Bros. Movie,2023,https://boxd.it/i8C8
2023-04-14,Renfield,2023,https://boxd.it/o8vy
2023-04-22,Evil Dead Rise,2023,https://boxd.it/qIvo
2023-04-23,Beau Is Afraid,2023,https://boxd.it/u2gE
2023-04-28,Guy Ritchie's The Covenant,2023,https://boxd.it/xjcK
2023-04-28,Behind the Scenes With Jane Campion,2022,https://boxd.it/z7r8
2023-05-02,House,1977,https://boxd.it/1vsm
2023-05-03,MouseHunt,1997,https://boxd.it/21PM
2023-05-07,The Young Girls Turn 25,1993,https://boxd.it/61IY
2023-05-16,Legion of Super-Heroes,2023,https://boxd.it/BW1O
2023-05-17,Guardians of the Galaxy,2014,https://boxd.it/3VH2
2023-05-20,Network,1976,https://boxd.it/1VqG
2023-05-21,Guardians of the Galaxy Vol. 3,2023,https://boxd.it/fVNI
2023-05-21,Mommy,2014,https://boxd.it/7Uau
2023-05-22,The Conjuring,2013,https://boxd.it/4sr2
2023-05-29,Somebody I Used to Know,2023,https://boxd.it/wMaw
2023-05-30,Alien Code,2017,https://boxd.it/jfim
2023-05-30,Smile,2022,https://boxd.it/xjfE
2023-06-01,Next Floor,2008,https://boxd.it/3psY
2023-06-02,Spider-Man: Across the Spider-Verse,2023,https://boxd.it/kSz4
2023-06-05,Baby Ruby,2022,https://boxd.it/C6Wg
2023-06-05,Shiny Happy People,2023,https://boxd.it/GVgy
2023-06-05,Orphan,2009,https://boxd.it/1CgM
2023-06-06,The Birdcage,1996,https://boxd.it/1UTi
2023-06-09,Ri¢hie Ri¢h,1994,https://boxd.it/1URw
2023-06-11,Reality,2023,https://boxd.it/BeLI
2023-06-11,The Man Who Knew Too Little,1997,https://boxd.it/1YKa
2023-06-13,Out,2020,https://boxd.it/qs3I
2023-06-15,Black Mirror: Joan Is Awful,2023,https://boxd.it/GWmi
2023-06-16,Black Mirror: Demon 79,2023,https://boxd.it/H7Rc
2023-06-16,Black Mirror: Loch Henry,2023,https://boxd.it/H7Pg
2023-06-16,Black Mirror: Beyond the Sea,2023,https://boxd.it/H7QI
2023-06-17,Beau,2011,https://boxd.it/i7Wm
2023-06-18,Skin & Bone,2022,https://boxd.it/AqxG
2023-06-24,Asteroid City,2023,https://boxd.it/s3ds
2023-06-26,Time Trap,2017,https://boxd.it/ggMw
2023-07-03,No Hard Feelings,2023,https://boxd.it/xouu
2023-07-08,Wet Hot American Summer,2001,https://boxd.it/27hw
2023-07-10,Joy Ride,2023,https://boxd.it/wEeK
2023-07-12,Query,2020,https://boxd.it/qcQa
2023-07-13,Speechless,2015,https://boxd.it/7kTy
2023-07-14,The iMom,2014,https://boxd.it/dtN2
2023-07-15,Sound of Freedom,2023,https://boxd.it/piEi
2023-07-17,Vesper,2022,https://boxd.it/ASlI
2023-07-17,Tusk,2014,https://boxd.it/7eoa
2023-07-19,They Cloned Tyrone,2023,https://boxd.it/rE7a
2023-07-21,Barbie,2023,https://boxd.it/bCLK
2023-07-21,Oppenheimer,2023,https://boxd.it/wUow
2023-07-28,Talk to Me,2022,https://boxd.it/C6uQ
2023-07-28,Dreamin' Wild,2022,https://boxd.it/xuw2
2023-08-01,Steven Universe: The Movie,2019,https://boxd.it/jyE2
2023-08-01,Steven Universe,2013,https://boxd.it/Hyvs
2023-08-01,Steven Universe Future,2019,https://boxd.it/pWN0
2023-08-02,Teenage Mutant Ninja Turtles: Mutant Mayhem,2023,https://boxd.it/mK0a
2023-08-05,Beats,2019,https://boxd.it/hMig
2023-08-06,Free Time,2019,https://boxd.it/nld6
2023-08-06,Hairspray,1988,https://boxd.it/1UKK
2023-08-06,The Faculty,1998,https://boxd.it/1Z5C
2023-08-20,"Confess, Fletch",2022,https://boxd.it/ra9K
2023-08-23,Blue Beetle,2023,https://boxd.it/kJLq
2023-08-26,Bar Snakes,2020,https://boxd.it/tORw
2023-08-27,How to Blow Up a Pipeline,2022,https://boxd.it/C69e
2023-08-27,Dogleg,2023,https://boxd.it/CRdW
2023-09-06,The Equalizer 3,2023,https://boxd.it/yU54
2023-09-09,Evil Dead,2013,https://boxd.it/3GPq
2023-09-09,Resurrection,2022,https://boxd.it/wUKC
2023-09-11,One Pint at a Time,2021,https://boxd.it/wgZi
2023-09-11,Ghost Ship,2002,https://boxd.it/1Y9y
2023-09-12,Aristotle and Dante Discover the Secrets of the Universe,2022,https://boxd.it/i3cu
2023-09-16,The Fifth Element,1997,https://boxd.it/71k
2023-09-18,Pokémon: The First Movie,1998,https://boxd.it/1WLA
2023-09-24,Control,2007,https://boxd.it/22IC
2023-09-28,Sunshine,2007,https://boxd.it/28Xy
2023-09-28,The Creator,2023,https://boxd.it/oXWq
2023-09-30,Vortex,2021,https://boxd.it/uoni
2023-09-30,Milk,2008,https://boxd.it/1WZC
2023-10-01,Dumb Money,2023,https://boxd.it/tNdU
2023-10-02,No One Will Save You,2023,https://boxd.it/uUO6
2023-10-08,28 Weeks Later,2007,https://boxd.it/28Bi
2023-10-10,When Evil Lurks,2023,https://boxd.it/rXBe
2023-10-11,The Exorcist: Believer,2023,https://boxd.it/uotK
2023-10-17,Age of Panic,2013,https://boxd.it/5SDg
2023-10-17,Maggie,2023,https://boxd.it/GDta
2023-10-19,Like Everyone Else,,https://boxd.it/IPWW
2023-10-20,Duke,2018,https://boxd.it/uLMU
2023-10-21,Killers of the Flower Moon,2023,https://boxd.it/gHp0
2023-10-23,The Signal,2022,https://boxd.it/FjHO
2023-10-23,Circuit,2014,https://boxd.it/eHdO
2023-10-24,I Do,,https://boxd.it/Iooo
2023-10-25,And Away,2022,https://boxd.it/GKaY
2023-10-25,My Daughter Yoshiko,2019,https://boxd.it/qKek
2023-10-25,Blair Witch,2016,https://boxd.it/bO28
2023-10-26,The Craft,1996,https://boxd.it/1Zai
2023-10-26,Enigma,2023,https://boxd.it/J9MM
2023-10-26,Moonstruck,2022,https://boxd.it/DxHO
2023-10-26,In The Weeds,2021,https://boxd.it/wZRI
2023-10-28,The Nun,2018,https://boxd.it/fBkw
2023-10-28,The Nun II,2023,https://boxd.it/AyRY
2023-10-29,A Self-Induced Hallucination,2018,https://boxd.it/jhbM
2023-10-30,A Nightmare on Elm Street,1984,https://boxd.it/2aw0
2023-10-30,Five Nights at Freddy's,2023,https://boxd.it/ikHu
2023-10-31,The Premonition,1976,https://boxd.it/4tcs
2023-11-02,Bodies Bodies Bodies,2022,https://boxd.it/iRcE
2023-11-03,Doctor Sleep,2019,https://boxd.it/i5vI
2023-11-09,When We Are Born,2021,https://boxd.it/temC
2023-11-10,All Dirt Roads Taste of Salt,2023,https://boxd.it/u6Z4
2023-11-12,Moon,2009,https://boxd.it/1IGQ
2023-11-15,BlackBerry,2023,https://boxd.it/CoVK
2023-11-17,A Different Score,2023,https://boxd.it/GBsa
2023-11-18,20th Century Women,2016,https://boxd.it/bqU6
2023-11-20,Bottoms,2023,https://boxd.it/uGf2
2023-11-21,Priscilla,2023,https://boxd.it/Cz3k
2023-11-21,The Hunger Games: The Ballad of Songbirds & Snakes,2023,https://boxd.it/pZCY
2023-11-22,Saltburn,2023,https://boxd.it/z4eg
2023-11-22,The Childhood of a Leader,2015,https://boxd.it/aRce
2023-11-24,The Marvels,2023,https://boxd.it/mwU4
2023-11-25,Raging Bull,1980,https://boxd.it/28yI
2023-11-26,Napoleon,2023,https://boxd.it/shJM
2023-11-29,The Holdovers,2023,https://boxd.it/vHza
2023-12-01,Pulse,2006,https://boxd.it/1Y44
2023-12-05,Godzilla Minus One,2023,https://boxd.it/zu4c
2023-12-08,Exit Strategy,2018,https://boxd.it/ixM8
2023-12-08,The Boy and the Heron,2023,https://boxd.it/ipeM
2023-12-09,Spotlight,2015,https://boxd.it/a84k
2023-12-11,It's Not About Fear,2023,https://boxd.it/GQTK
2023-12-12,Murder Camp,2023,https://boxd.it/HVt0
2023-12-14,The Fool's Mate,2022,https://boxd.it/DOS0
2023-12-18,Die Hard,1988,https://boxd.it/2a7u
2023-12-19,The Night Nurse,2022,https://boxd.it/DbWC
2023-12-20,We're Not Safe Here,2022,https://boxd.it/CZ7M
2023-12-20,What We Found Out There,2021,https://boxd.it/w06m
2023-12-23,Radius,2017,https://boxd.it/fuqC
2023-12-24,Chad Gets The AxE,2019,https://boxd.it/nUBi
2023-12-24,Dr. Strangelove or: How I Learned to Stop Worrying and Love the Bomb,1964,https://boxd.it/29eY
2023-12-24,Tweet,2015,https://boxd.it/eBqi
2023-12-24,Wonka,2023,https://boxd.it/tCQm
2023-12-24,The Tunnel,2022,https://boxd.it/HD0Y
2023-12-25,Special Day,2018,https://boxd.it/jY8m
2023-12-25,The Iron Claw,2023,https://boxd.it/w5Pm
2023-12-26,Violent Night,2022,https://boxd.it/xXBA
2023-12-27,The Goodnight Show,2018,https://boxd.it/nalS
2023-12-28,Tistlebu,2022,https://boxd.it/Bzw0
2023-12-28,Okay Google.,2019,https://boxd.it/uxeY
2024-01-02,Close Encounters of the Third Kind,1977,https://boxd.it/29u8
2024-01-04,Kalley's Last Review,2020,https://boxd.it/FQfe
2024-01-05,The Land Before Time,1988,https://boxd.it/1Sr2
2024-01-06,Night Swim,2024,https://boxd.it/EyB0
2024-01-07,Too Many Cooks,2014,https://boxd.it/9AIK
2024-01-10,My Own Private Idaho,1991,https://boxd.it/2ak4
2024-01-11,Who Goes There?,2020,https://boxd.it/seSc
2024-01-11,Foe,2023,https://boxd.it/sy7U
2024-01-12,Pitch Black,2000,https://boxd.it/26iS
2024-01-13,Rising Hope,,https://boxd.it/KIes
2024-01-14,The Celebration,1998,https://boxd.it/2aCM
2024-01-16,Carl the Exorcist,2021,https://boxd.it/uvuU
2024-01-17,Beau Travail,1999,https://boxd.it/1NI8
2024-01-17,Candyman,2021,https://boxd.it/kHFg
2024-01-21,The Court Jester,2024,https://boxd.it/KQ9K
2024-01-21,Foragers,2022,https://boxd.it/zTlW
2024-01-21,I.S.S.,2023,https://boxd.it/tJKq
2024-01-21,Alex's Dream,2018,https://boxd.it/tdSs
2024-01-22,Fannie Lou Hamer’s America,2022,https://boxd.it/zkFW
2024-01-22,The Party Job,2022,https://boxd.it/K8Vg
2024-01-25,I Will Despise You,2020,https://boxd.it/stzk
2024-01-25,Paternoster,2024,https://boxd.it/KOXe
2024-01-26,The Break,2015,https://boxd.it/gQeg
2024-01-27,Wash Club,2016,https://boxd.it/iPcW
2024-01-29,The Forfeit,2022,https://boxd.it/DT3Q
2024-01-29,Unicorns,2019,https://boxd.it/qmmY
2024-01-29,Tapes,2020,https://boxd.it/reGo
2024-01-30,Caged,,https://boxd.it/HhyO
2024-02-02,Crazy Car,2019,https://boxd.it/ryus
2024-02-02,When the Time Comes,2022,https://boxd.it/EXNq
2024-02-05,The Lion,2017,https://boxd.it/hIjY
2024-02-07,Poor Things,2023,https://boxd.it/tNWU
2024-02-07,The Curse,2023,https://boxd.it/IWYq
2024-02-09,Lil Nas X: Long Live Montero,2023,https://boxd.it/I9oe
2024-02-11,Full Metal Jacket,1987,https://boxd.it/2a1Q
2024-02-12,Butterfly in the Sky,2022,https://boxd.it/xKoS
2024-02-12,For You,2016,https://boxd.it/m8GW
2024-02-13,Heartless,2020,https://boxd.it/wWHq
2024-02-13,Neighbors,1981,https://boxd.it/1F1g
2024-02-16,Madame Web,2024,https://boxd.it/nwD0
2024-02-18,The Book of Ruth,2020,https://boxd.it/qJoo
2024-02-18,Crashing,2020,https://boxd.it/Lm4M
2024-02-19,Before Sunrise,1995,https://boxd.it/2bcU
2024-02-19,Before Sunset,2004,https://boxd.it/2bcg
2024-02-19,Before Midnight,2013,https://boxd.it/4ive
2024-02-20,A White Horse,2019,https://boxd.it/mQOU
2024-02-21,Singin' in the Rain,1952,https://boxd.it/29oY
2024-02-22,Enchanted Cove,2023,https://boxd.it/Kbek
2024-02-25,There Will Be Monsters,2020,https://boxd.it/qjYU
2024-02-25,All of Us Strangers,2023,https://boxd.it/Bz3C
2024-02-26,Dune: Part Two,2024,https://boxd.it/pUfA
2024-02-27,Akira,1988,https://boxd.it/2b1i
2024-03-05,Anatomy of a Fall,2023,https://boxd.it/yuDE
2024-03-05,Sacred Soil: The Piney Woods School Story,2024,https://boxd.it/LyZU
2024-03-08,Cheap Hugs,2022,https://boxd.it/EI7O
2024-03-08,Imaginary,2024,https://boxd.it/GyJW
2024-03-10,Incendies,2010,https://boxd.it/Msm
2024-03-11,Read Between the Lines,2022,https://boxd.it/Ar70
2024-03-11,Keyboard Fantasies,2019,https://boxd.it/nwCc
2024-03-23,Amazing Grace,2023,https://boxd.it/Letk
2024-03-23,Living Reality,2024,https://boxd.it/JkG6
2024-03-23,Tooth,2023,https://boxd.it/Ej38
2024-03-23,Sarangi,2022,https://boxd.it/CjKs
2024-03-23,Where the Bullets Go,2024,https://boxd.it/KZPg
2024-03-23,Marbles,2023,https://boxd.it/M5WO
2024-03-23,Endline,,https://boxd.it/M8lm
2024-03-24,Infraction,2023,https://boxd.it/Ehr8
2024-03-24,Grandma Bruce,2023,https://boxd.it/KN7m
2024-03-24,FBOY,2023,https://boxd.it/Ghes
2024-03-24,Caught On Tape,2024,https://boxd.it/M0Bc
2024-03-24,Barely Breathing,2023,https://boxd.it/IeQi
2024-03-25,Purgy's,,https://boxd.it/IOYs
2024-03-25,The Old Young Crow,2023,https://boxd.it/F51k
2024-03-25,Le spectre de l'innocence,2024,https://boxd.it/LRqu
2024-03-25,Panic Attack,2020,https://boxd.it/FQI6
2024-03-25,Lee Baby,2023,https://boxd.it/Ikyu
2024-03-25,Hello Dankness,2022,https://boxd.it/DeMK
2024-03-25,Playland,2023,https://boxd.it/D7kk
2024-03-25,Las Nogas,2023,https://boxd.it/INZ0
2024-03-25,A Song For Imogene,2025,https://boxd.it/GY7Y
2024-03-25,Please Ask For It,,https://boxd.it/Igxi
2024-03-25,Give,2023,https://boxd.it/uNr0
2024-03-25,Mississippi River Styx,2022,https://boxd.it/DZAm
2024-03-25,kāua - we (you and i),2023,https://boxd.it/JrEG
2024-03-27,Late Night with the Devil,2023,https://boxd.it/zo6G
2024-03-28,The Spider Within: A Spider-Verse Story,2023,https://boxd.it/FR76
2024-03-29,Love Lies Bleeding,2024,https://boxd.it/zN4q
2024-03-30,Immaculate,2024,https://boxd.it/Douw
2024-04-05,The First Omen,2024,https://boxd.it/fx08
2024-04-06,Monkey Man,2024,https://boxd.it/kvsO
2024-04-13,Civil War,2024,https://boxd.it/z1jW
2024-04-15,The Omen,1976,https://boxd.it/29By
2024-04-15,Damien - Omen II,1978,https://boxd.it/1VrO
2024-04-15,The Final Conflict,1981,https://boxd.it/1VrE
2024-04-16,Tucker and Dale vs. Evil,2010,https://boxd.it/Mce
2024-04-17,X to X,2023,https://boxd.it/xF0m
2024-04-19,One Life,2023,https://boxd.it/sAhC
2024-04-21,Super Host,2022,https://boxd.it/Ax9c
2024-04-21,Bad Acid,2022,https://boxd.it/BY2u
2024-04-21,You Will Never Be Back,2020,https://boxd.it/r81u
2024-04-22,Abigail,2024,https://boxd.it/G0NA
2024-04-25,Rob Cantor: Shia LaBeouf Live,2014,https://boxd.it/oiZ4
2024-04-29,Challengers,2024,https://boxd.it/zld0
2024-05-01,Dead Skin,2022,https://boxd.it/KT0G
2024-05-01,Dysmorphia,2023,https://boxd.it/MLmo
2024-05-01,Past Lives,2023,https://boxd.it/oNB8
2024-05-01,"nothing, except everything.",2023,https://boxd.it/GJqw
2024-05-02,Pokémon Detective Pikachu,2019,https://boxd.it/fVA0
2024-05-02,May I Please Enter?,2018,https://boxd.it/kvWO
2024-05-03,Visitor Information,2015,https://boxd.it/k6fA
2024-05-03,What Codec Should I Use?,2020,https://boxd.it/rKJa
2024-05-03,Wildcat,2023,https://boxd.it/EHX0
2024-05-04,The Fall Guy,2024,https://boxd.it/s0Bm
2024-05-06,Alone,2020,https://boxd.it/ir2y
2024-05-10,Couples Therapy,2020,https://boxd.it/svtI
2024-05-10,Rise of the Planet of the Apes,2011,https://boxd.it/cS4
2024-05-12,Dawn of the Planet of the Apes,2014,https://boxd.it/3XyQ
2024-05-14,Snatch,2000,https://boxd.it/2b7U
2024-05-15,The Nice Guys,2016,https://boxd.it/94Hg
2024-05-17,It Comes at Night,2017,https://boxd.it/eLuk
2024-05-23,War for the Planet of the Apes,2017,https://boxd.it/8FE2
2024-05-25,American Fiction,2023,https://boxd.it/DYHm
2024-05-25,Furiosa: A Mad Max Saga,2024,https://boxd.it/tABk
2024-05-26,The Hobbit: An Unexpected Journey,2012,https://boxd.it/GZk
2024-05-28,Harry Potter and the Goblet of Fire,2005,https://boxd.it/29Qo
2024-05-30,Live Forever as You Are Now with Alan Resnick,2013,https://boxd.it/7rEK
2024-05-30,Harry Potter and the Order of the Phoenix,2007,https://boxd.it/29Qe
2024-05-30,Harry Potter and the Half-Blood Prince,2009,https://boxd.it/29FU
2024-05-30,NewsHits,2016,https://boxd.it/etla
2024-05-31,Harry Potter and the Deathly Hallows: Part 1,2010,https://boxd.it/1RYu
2024-06-01,In a Violent Nature,2024,https://boxd.it/K5eI
2024-06-04,Berberian Sound Studio,2012,https://boxd.it/3T30
2024-06-05,The World According to Garp,1982,https://boxd.it/1UaM
2024-06-07,The Watchers,2024,https://boxd.it/F6Rw
2024-06-09,Road Kill,2023,https://boxd.it/ML2e
2024-06-09,"MoviePass, MovieCrash",2024,https://boxd.it/KH7K
2024-06-09,The F-Word,,https://boxd.it/Af1k
2024-06-13,Kingdom of the Planet of the Apes,2024,https://boxd.it/ohEE
2024-06-14,Daughters,2024,https://boxd.it/BqcU
2024-06-17,Truth Serum,2022,https://boxd.it/B3r8
2024-06-28,A Quiet Place: Day One,2024,https://boxd.it/sDAi
2024-06-28,The Hoist,2018,https://boxd.it/Bi5m
2024-06-29,Kinds of Kindness,2024,https://boxd.it/CWPw
2024-06-30,Spy,2015,https://boxd.it/71Ks
2024-07-07,"As Above, So Below",2014,https://boxd.it/7yui
2024-07-07,Mad Max,1979,https://boxd.it/1Y7i
2024-07-07,Mad Max 2,1981,https://boxd.it/1ZPg
2024-07-12,"O, GLORY!",2022,https://boxd.it/CiYy
2024-07-12,Longlegs,2024,https://boxd.it/KzLM
2024-07-13,Valhalla Rising,2009,https://boxd.it/17lc
2024-07-15,Split,2016,https://boxd.it/dgSy
2024-07-20,Land of Bad,2024,https://boxd.it/ACqW
2024-07-23,Is Now a Good Time?,2024,https://boxd.it/GVaK
2024-07-25,Twisters,2024,https://boxd.it/qV7a
2024-07-26,Sing Sing,2023,https://boxd.it/HIBA
2024-07-28,Everybody Wants Some!!,2016,https://boxd.it/9mgM
2024-08-02,Trap,2024,https://boxd.it/D4nK
2024-08-04,"Mother, May I?",2023,https://boxd.it/CyWe
2024-08-16,Alien: Romulus,2024,https://boxd.it/zGqO
2024-08-18,Alien: Covenant,2017,https://boxd.it/49UY
2024-08-22,Neon Genesis Evangelion: The End of Evangelion,1997,https://boxd.it/1GRM
2024-08-25,Blink Twice,2024,https://boxd.it/vIOg
2024-08-26,Rear Window,1954,https://boxd.it/2a6Q
2024-08-28,Joan and the Rolling Stone,2024,https://boxd.it/JgGG
2024-09-05,Afraid,2024,https://boxd.it/Ec7s
2024-09-05,Beetlejuice Beetlejuice,2024,https://boxd.it/yyGs
2024-09-12,Svengali,1931,https://boxd.it/OFi
2024-09-16,Pleasantville,1998,https://boxd.it/26uY
2024-09-23,I Saw the TV Glow,2024,https://boxd.it/woVe
2024-09-25,The Move,2024,https://boxd.it/M8Ri
2024-09-25,The Substance,2024,https://boxd.it/zanS
2024-09-27,Sunless,2023,https://boxd.it/IHKe
2024-09-28,Speak No Evil,2024,https://boxd.it/G9f8
2024-09-29,The Fall,2006,https://boxd.it/1NoM
2024-09-30,Megalopolis,2024,https://boxd.it/lPBS
2024-09-30,Fight Like Hell,2024,https://boxd.it/Qklc
2024-09-30,The Wild Robot,2024,https://boxd.it/IWFy
2024-10-02,You've Been Trumped Too,2016,https://boxd.it/eYiw
2024-10-07,A Tiger in Paradise,2023,https://boxd.it/FGyq
2024-10-07,Ma,2019,https://boxd.it/i8Wi
2024-10-09,Lux Æterna,2019,https://boxd.it/m6b8
2024-10-09,V/H/S/Beyond,2024,https://boxd.it/Jbwc
2024-10-10,Firebringer,2016,https://boxd.it/fgsu
2024-10-14,Seat 31: Zooey Zephyr,2024,https://boxd.it/M8IA
2024-10-15,Last and First Men,2020,https://boxd.it/kKi0
2024-10-16,Daddy's Head,2024,https://boxd.it/Fclc
2024-10-17,The Happening,2008,https://boxd.it/200o
2024-10-17,Jeepers Creepers,2001,https://boxd.it/1ZAg
2024-10-18,Life,2017,https://boxd.it/dRqG
2024-10-18,The House of the Devil,2009,https://boxd.it/1uIe
2024-10-19,V/H/S/85,2023,https://boxd.it/D4BW
2024-10-21,Jeepers Creepers 2,2003,https://boxd.it/1U3Q
2024-10-22,OtherLife,2017,https://boxd.it/ewqM
2024-10-25,Arcadian,2024,https://boxd.it/DOtu
2024-10-28,Conclave,2024,https://boxd.it/AO8q
2024-10-30,Daddy's Home,2015,https://boxd.it/8jSc
2024-11-03,Ready or Not,2019,https://boxd.it/kOf0
2024-11-04,DodgeBall: A True Underdog Story,2004,https://boxd.it/1YAY
2024-11-04,Grandma's Boy,2006,https://boxd.it/1XzK
2024-11-07,The Ninth Configuration,1980,https://boxd.it/1G4q
2024-11-11,Pandorum,2009,https://boxd.it/1Eo4
2024-11-12,Barry Versus The Binman,2023,https://boxd.it/QVkK
2024-11-13,Heretic,2024,https://boxd.it/H1lY
2024-11-14,Dream Big,2022,https://boxd.it/FU9E
2024-11-17,Smile 2,2024,https://boxd.it/FDA4
2024-11-17,Diary of an African Nun,1977,https://boxd.it/bg40
2024-11-17,Lady,1993,https://boxd.it/qp1k
2024-11-17,Shadow of a Cloud,2013,https://boxd.it/80be
2024-11-17,World of Glory,1991,https://boxd.it/Sss
2024-11-17,Autobiographical Scene Number 6882,2005,https://boxd.it/5A7G
2024-11-17,The Hangover,2009,https://boxd.it/1GjK
2024-11-18,The Cowboy and the Frenchman,1988,https://boxd.it/3hG4
2024-11-18,Green Vinyl,2004,https://boxd.it/5jlw
2024-11-18,Nathan for You: Finding Frances,2017,https://boxd.it/hufy
2024-11-19,Room Tone,2022,https://boxd.it/HhBo
2024-11-20,Sister Act,1992,https://boxd.it/27EA
2024-11-20,The Girl Next Door,2004,https://boxd.it/1VSq
2024-11-21,Sister Act 2: Back in the Habit,1993,https://boxd.it/21Qq
2024-11-24,Marcel the Shell with Shoes On,2021,https://boxd.it/wMAk
2024-12-03,A Short Story,2022,https://boxd.it/zDD6
2024-12-03,Would You Look at Her,2017,https://boxd.it/h7ti
2024-12-03,Stations of the Elevated,1981,https://boxd.it/5eTo
2024-12-03,Sermon on the Mount,2019,https://boxd.it/mFLU
2024-12-07,Beyond the Infinite Two Minutes,2020,https://boxd.it/ujVk
2024-12-08,Owning Mahowny,2003,https://boxd.it/1MjG
2024-12-09,Twinkle,2019,https://boxd.it/oxCO
2024-12-09,We Joined A Cult,2023,https://boxd.it/IpzW
2024-12-09,Accidental Stars,2024,https://boxd.it/JiMG
2024-12-09,Sell Your Body,2017,https://boxd.it/nJWO
2024-12-10,Splinter,2017,https://boxd.it/jmqC
2024-12-10,The Pig Child,2014,https://boxd.it/ehS2
2024-12-10,Flesh Computer,2014,https://boxd.it/9sXW
2024-12-12,The Visit,2015,https://boxd.it/9ssO
2024-12-13,Paradise,2023,https://boxd.it/H7co
2024-12-14,WWJD?,2024,https://boxd.it/J44K
2024-12-14,brothergirls.,2024,https://boxd.it/P0tI
2024-12-16,I Care a Lot,2020,https://boxd.it/mcHk
2024-12-17,Verdict,2018,https://boxd.it/rWac
2024-12-17,Hide Your Crazy,2023,https://boxd.it/IzXE
2024-12-21,Foxwood,2017,https://boxd.it/osvy
2024-12-21,Kim's Video,2023,https://boxd.it/E34O
2024-12-21,Juror #2,2024,https://boxd.it/FRwU
2024-12-22,Nosferatu,1922,https://boxd.it/29TM
2024-12-24,ZIT,2024,https://boxd.it/QgnI
2024-12-24,Die Hard 2,1990,https://boxd.it/28zw
2024-12-27,Born Again,2017,https://boxd.it/hdDe
2024-12-27,Red Eye,2005,https://boxd.it/1TNy
2024-12-28,Nosferatu,2024,https://boxd.it/f5eG
2024-12-30,Secret Level - Dungeons & Dragons: The Queen's Cradle,2024,https://boxd.it/RSua
2024-12-30,Secret Level - Sifu: It Takes a Life,2024,https://boxd.it/RSuk
2024-12-30,Secret Level - New World: The Once and Future King,2024,https://boxd.it/RSuu
2024-12-30,Secret Level - Unreal Tournament: Xan,2024,https://boxd.it/RSuE
2024-12-30,"Secret Level - Warhammer 40,000: And They Shall Know No Fear",2024,https://boxd.it/RSuO
2024-12-30,Secret Level - Armored Core: Asset Management,2024,https://boxd.it/RSvi
2024-12-30,Secret Level - The Outer Worlds: The Company We Keep,2024,https://boxd.it/RSvs
2024-12-30,Secret Level - Mega Man: Start,2024,https://boxd.it/RSvM
2024-12-30,Secret Level - Concord: Tale of the Implacable,2024,https://boxd.it/RSwK
2024-12-30,Secret Level - Honor of Kings: The Way of All Things,2024,https://boxd.it/RSx4
2024-12-31,A Complete Unknown,2024,https://boxd.it/oBYa
2025-01-02,Re:ZERO -Starting Life in Another World- The Frozen Bond,2019,https://boxd.it/kLyy
2025-01-03,The Feat,2018,https://boxd.it/lBJo
2025-01-04,Shadow,2024,https://boxd.it/K5oy
2025-01-05,Writing Doom,2024,https://boxd.it/Ry34
2025-01-09,The NeverEnding Story,1984,https://boxd.it/1dE0
2025-01-09,The Little Girl Eater,2023,https://boxd.it/SkyY
2025-01-11,Wallace & Gromit: Vengeance Most Fowl,2024,https://boxd.it/z14C
2025-01-11,Cunk on Life,2024,https://boxd.it/LKUi
2025-01-13,Dream Scenario,2023,https://boxd.it/v2h0
2025-01-14,Mr. Know it All,2024,https://boxd.it/Qbiy
2025-01-15,Salvatore,2017,https://boxd.it/iKNS
2025-01-15,Nosferatu the Vampyre,1979,https://boxd.it/21J0
2025-01-19,The Civil War on Drugs,2011,https://boxd.it/5w7C
2025-01-21,O.C.D. (Obsessor Coercio Deus),2025,https://boxd.it/KZcI
2025-01-21,The Thaw,2023,https://boxd.it/IeFk
2025-01-22,Kedi,2016,https://boxd.it/dHxM
2025-01-23,Tuesday,2015,https://boxd.it/AJsU
2025-01-24,Blue Christmas,2017,https://boxd.it/i4cU
2025-01-26,Sonic the Hedgehog 3,2024,https://boxd.it/zq0U
2025-01-30,Meat Puppet,2024,https://boxd.it/LezW
2025-01-30,The Brutalist,2024,https://boxd.it/k4BO
2025-01-30,guts,2024,https://boxd.it/KbCQ
2025-01-31,Let,2024,https://boxd.it/Lewy
2025-01-31,Presence,2024,https://boxd.it/H88i
2025-02-02,WarGames,1983,https://boxd.it/29qU
2025-02-03,Over the Board,2024,https://boxd.it/Rbd6
2025-02-03,Evangelion: 1.0 You Are (Not) Alone,2007,https://boxd.it/1MKi
2025-02-10,Break/Fix,2024,https://boxd.it/MRYI
2025-02-12,The Ministry of Ungentlemanly Warfare,2024,https://boxd.it/u5zu
2025-02-12,Night Session,2024,https://boxd.it/QwNi
2025-02-14,This World Is Not My Own,2023,https://boxd.it/FhU2
2025-02-14,Naysayer,2019,https://boxd.it/mQDM
2025-02-19,Meeting the Man: James Baldwin in Paris,1970,https://boxd.it/oKjA
2025-02-20,SNL50: The Anniversary Special,2025,https://boxd.it/SUis
2025-02-20,Rebel Ridge,2024,https://boxd.it/nZum
2025-02-23,Perfect Days,2023,https://boxd.it/ATh8
2025-02-24,She's Out of My League,2010,https://boxd.it/1eww
2025-02-25,Twin Peaks,1989,https://boxd.it/g8pk
2025-02-26,8 Minutes 20 Seconds,2024,https://boxd.it/MkCY
2025-03-05,Disaster Movie,2008,https://boxd.it/1Pnc
2025-03-06,Ikarie XB 1,1963,https://boxd.it/1EzG
2025-03-07,Mickey 17,2025,https://boxd.it/q1Dk
2025-03-09,Anchorman: The Legend of Ron Burgundy,2004,https://boxd.it/1ZVo
2025-03-10,The Gorge,2025,https://boxd.it/zRqK
2025-03-16,Ice Age: The Meltdown,2006,https://boxd.it/2wRk
2025-03-20,Daaaaaalí!,2023,https://boxd.it/DzQe
2025-03-23,Novocaine,2025,https://boxd.it/JmdA
2025-03-24,A Knight's Tale,2001,https://boxd.it/1YAk
2025-03-25,Dawn of the Dead,2004,https://boxd.it/29gK
2025-03-31,Greetings,,https://boxd.it/Gx7C
2025-04-01,Mobile Suit Gundam Narrative,2018,https://boxd.it/keQk
2025-04-02,Bring Them Down,2024,https://boxd.it/uiDa
2025-04-03,Mr. Smith Goes to Washington,1939,https://boxd.it/25Ms
2025-04-06,The Incredibles,2004,https://boxd.it/1XLm
2025-04-06,Y2K,2024,https://boxd.it/FnHI
2025-04-08,The Tree of Life,2011,https://boxd.it/1Zu8
2025-04-11,Black Mirror: Common People,2025,https://boxd.it/U1Vy
2025-04-11,Black Mirror: Bête Noire,2025,https://boxd.it/U1VI
2025-04-11,Black Mirror: Hotel Reverie,2025,https://boxd.it/U1V4
2025-04-11,Secret Mall Apartment,2024,https://boxd.it/L2S8
2025-04-11,Black Mirror: Plaything,2025,https://boxd.it/U1VS
2025-04-12,Black Mirror: Eulogy,2025,https://boxd.it/U1Ww
2025-04-12,Black Mirror: USS Callister – Into Infinity,2025,https://boxd.it/U1Wm
2025-04-13,23 Mile,2024,https://boxd.it/LeLS
2025-04-13,Psycho,1960,https://boxd.it/2ab2
2025-04-16,Scott Pilgrim Takes Off,2023,https://boxd.it/JLZk
2025-04-17,Adolescence,2025,https://boxd.it/TFGw
2025-04-17,El Camino: A Breaking Bad Movie,2019,https://boxd.it/kv0q
2025-04-17,Jungle,2017,https://boxd.it/dCpo
2025-04-18,Sinners,2025,https://boxd.it/KQMM
2025-04-19,May December,2023,https://boxd.it/vEE2
2025-04-19,The Long Good Friday,1980,https://boxd.it/1NlS
2025-04-21,Hustle,2022,https://boxd.it/qpig
2025-04-23,#LookAtMe,2022,https://boxd.it/BNwe
2025-04-25,Absentia,2011,https://boxd.it/2yWw
2025-04-27,Pineapple Express,2008,https://boxd.it/1WRS
2025-04-28,I'm Good,2025,https://boxd.it/UBjK
2025-04-29,Agatha All Along,2024,https://boxd.it/Q5dC
2025-04-30,Cleaner,2007,https://boxd.it/1Qxi
2025-05-02,The Straight Story,1999,https://boxd.it/2ass
2025-05-03,Thunderbolts*,2025,https://boxd.it/BfbQ
2025-05-05,Companion,2025,https://boxd.it/F04o
2025-05-09,Evangelion: 2.0 You Can (Not) Advance,2009,https://boxd.it/1zYm
2025-05-10,Likeness,2024,https://boxd.it/Gx78
2025-05-19,The Final Destination,2009,https://boxd.it/1EmW
2025-05-19,Final Destination,2000,https://boxd.it/1YrC
2025-05-20,Final Destination 2,2003,https://boxd.it/1YSS
2025-05-20,Final Destination 3,2006,https://boxd.it/1Z40
2025-05-20,Final Destination 5,2011,https://boxd.it/r1k
2025-05-21,Final Destination Bloodlines,2025,https://boxd.it/l5y4
2025-05-21,A Sacrifice,2024,https://boxd.it/z6G2
2025-05-22,Untold: The Fall of Favre,2025,https://boxd.it/Uj0q
2025-05-23,The 10 Year Plan,2014,https://boxd.it/7ZXm
2025-05-27,Inside Out 2,2024,https://boxd.it/CFrC
2025-05-31,Jerrod Carmichael: Don't Be Gay,2025,https://boxd.it/Uwqm
2025-06-01,Bird Box Barcelona,2023,https://boxd.it/ujzS
2025-06-02,Scenes from a Marriage,2021,https://boxd.it/wzSU
2025-06-06,Oxygen,2021,https://boxd.it/gU16
2025-06-08,Creed,2015,https://boxd.it/a2qk
2025-06-09,The Emperor's New Groove,2000,https://boxd.it/1Tey
2025-06-15,Sully,2016,https://boxd.it/cD8Q
2025-06-17,Materialists,2025,https://boxd.it/GZlW
2025-06-18,Cinemania,2002,https://boxd.it/BQi
2025-06-19,The Hunger Games: Catching Fire,2013,https://boxd.it/3sAw
2025-06-22,28 Years Later,2025,https://boxd.it/FEGM
2025-07-14,Superman,2025,https://boxd.it/E9IU
2025-07-14,This Is Spinal Tap,1984,https://boxd.it/1UOs
2025-07-14,This Is the End,2013,https://boxd.it/3GB4
2025-07-14,Einstein and Eddington,2008,https://boxd.it/1MVK
2025-07-14,The Hunger Games: Mockingjay – Part 2,2015,https://boxd.it/4hk0
2025-07-14,The Hunger Games: Mockingjay – Part 1,2014,https://boxd.it/4hka
2025-07-14,Tropic Thunder,2008,https://boxd.it/20WM
2025-07-14,A Million Ways to Die in the West,2014,https://boxd.it/5H9k
2025-07-14,Holes,2003,https://boxd.it/20mE
2025-07-14,Team America: World Police,2004,https://boxd.it/24QS
2025-07-14,Pavements,2024,https://boxd.it/EekI
2025-07-14,Now You See Me 2,2016,https://boxd.it/99fw
2025-07-14,Elio,2025,https://boxd.it/CFr8
2025-07-14,Ocean's Eleven,2001,https://boxd.it/2aZm
2025-07-14,The American,2010,https://boxd.it/dSE
2025-07-14,The Day the Earth Blew Up: A Looney Tunes Movie,2024,https://boxd.it/wPxe
2025-07-14,The Kill Room,2023,https://boxd.it/AaGs
2025-07-15,Shoebox,2024,https://boxd.it/QAs4
2025-07-18,Cornflower,2019,https://boxd.it/oTOW
2025-07-25,Within Our Gates,1920,https://boxd.it/2GIC
2025-07-27,The Fantastic 4: First Steps,2025,https://boxd.it/mP6C
2025-07-27,Happy Gilmore 2,2025,https://boxd.it/M8PQ
2025-07-28,Major Payne,1995,https://boxd.it/1US0
2025-08-01,The Iron Giant,1999,https://boxd.it/1Wow
2025-08-03,Opus,2025,https://boxd.it/JBMA
2025-08-06,Together,2025,https://boxd.it/LdFE
2025-08-07,Seeking a Friend for the End of the World,2012,https://boxd.it/376g
2025-08-08,The Infiltrator,2016,https://boxd.it/aCm4
2025-08-09,Cabin for Two,2021,https://boxd.it/v6n2
2025-08-11,Weapons,2025,https://boxd.it/EMTM
2025-08-12,The Shout,1978,https://boxd.it/JcU
2025-08-12,Fantastic Planet,1973,https://boxd.it/1KnQ
2025-08-14,The Fall of the House of Usher,2023,https://boxd.it/IWYg
2025-08-16,High and Low,1963,https://boxd.it/1RSc
2025-08-18,Spaceballs,1987,https://boxd.it/29cy
2025-08-19,Jerome,2023,https://boxd.it/GS6U
2025-08-19,Teenage Mutant Ninja Turtles,1990,https://boxd.it/28FY
2025-08-19,"The Cook, the Thief, His Wife & Her Lover",1989,https://boxd.it/20VO
2025-08-20,The Entire History of the Louisiana Purchase,1998,https://boxd.it/bgCw
2025-08-20,A Brief History of Paradise as Told by the Cockroaches,2003,https://boxd.it/blTs
2025-08-20,"Muzak, A Tool of Management",2003,https://boxd.it/b3cq
2025-08-20,Market Update,2003,https://boxd.it/blTi
2025-08-20,Land of Enchantment,2000,https://boxd.it/blSu
2025-08-20,The Globalisation Tapes,2003,https://boxd.it/5l3u
2025-08-20,Shin Godzilla,2016,https://boxd.it/a9lm
2025-08-20,Death of a Unicorn,2025,https://boxd.it/HCPm
2025-08-23,KPop Demon Hunters,2025,https://boxd.it/ufwK
2025-08-26,Happy End,1967,https://boxd.it/B4o
2025-08-29,Puss in Boots: The Last Wish,2022,https://boxd.it/aaie
2025-08-30,The Third Man,1949,https://boxd.it/294E
2025-09-02,Evangelion: 3.0+1.0 Thrice Upon a Time,2021,https://boxd.it/8LnQ
2025-09-07,The Good Son,1993,https://boxd.it/1Z6g
2025-09-12,Freaky Tales,2024,https://boxd.it/B0MC
2025-09-12,Twinless,2025,https://boxd.it/LkKc
2025-09-13,Swamp Dogg Gets His Pool Painted,2024,https://boxd.it/KUH2
2025-09-20,The History of Sound,2025,https://boxd.it/xFY2
2025-09-22,HIM,2025,https://boxd.it/BfYI
2025-09-25,Problemista,2023,https://boxd.it/waGO
2025-09-26,Miss Meadows,2014,https://boxd.it/7K6i
2025-09-28,One Battle After Another,2025,https://boxd.it/DUHM
2025-09-29,Survived By,2024,https://boxd.it/XU1G
2025-10-01,m.A.A.d,2014,https://boxd.it/bYcC
2025-10-03,Till Death Do Us Part,2024,https://boxd.it/OJcq
2025-10-06,Lucy,,https://boxd.it/tMPo
2025-10-07,The Battle of Algiers,1966,https://boxd.it/1IRY
2025-10-07,Couch,2024,https://boxd.it/NvZQ
2025-10-07,The Wind Will Carry Us,1999,https://boxd.it/Uwc
2025-10-08,Foreign Correspondent,1940,https://boxd.it/1vlA
2025-10-08,Casablanca,1942,https://boxd.it/2aG0
2025-10-08,Meshes of the Afternoon,1943,https://boxd.it/1sEE
2025-10-09,Arsenic and Old Lace,1944,https://boxd.it/2aRW
2025-10-09,"Rome, Open City",1945,https://boxd.it/2aD6
2025-10-11,The Spiral Staircase,1946,https://boxd.it/1rLY
2025-10-12,Black Narcissus,1947,https://boxd.it/1Kce
2025-10-14,Rope,1948,https://boxd.it/28yo
2025-10-24,Goofy Gymnastics,1949,https://boxd.it/77s
2025-10-24,Kon-Tiki,1950,https://boxd.it/1E4S
2025-10-27,Alice in Wonderland,1951,https://boxd.it/1Sz6
2025-10-27,Trick or Treat,1952,https://boxd.it/2f9g
2025-10-29,The Whistler,2026,https://boxd.it/MQai
2025-11-15,Seven Samurai,1954,https://boxd.it/2axi
2025-11-20,The Night of the Hunter,1955,https://boxd.it/25HW
2025-12-03,Star Wars: Visions – The Duel,2021,https://boxd.it/x5aq
2025-12-03,Star Wars: Visions – Tatooine Rhapsody,2021,https://boxd.it/x5ag
2025-12-03,Star Wars: Visions – The Twins,2021,https://boxd.it/x5bI
2025-12-03,Star Wars: Visions – The Village Bride,2021,https://boxd.it/x5aU
2025-12-03,Star Wars: Visions – The Ninth Jedi,2021,https://boxd.it/x5be
2025-12-03,Star Wars: Visions – T0-B1,2021,https://boxd.it/x5bo
2025-12-03,Star Wars: Visions – The Elder,2021,https://boxd.it/x5c2
2025-12-03,Star Wars: Visions – Lop & Ochō,2021,https://boxd.it/x5aK
2025-12-03,Star Wars: Visions – Akakiri,2021,https://boxd.it/x5by
2025-12-03,Star Wars: Visions – Sith,2023,https://boxd.it/GqU8
2025-12-03,Star Wars: Visions – Screecher's Reach,2023,https://boxd.it/GqTY
2025-12-03,Star Wars: Visions – In the Stars,2023,https://boxd.it/Gro8
2025-12-03,Star Wars: Visions – I Am Your Mother,2023,https://boxd.it/GqEE
2025-12-03,Star Wars: Visions – Journey to the Dark Head,2023,https://boxd.it/GqL6
2025-12-03,Star Wars: Visions – The Spy Dancer,2023,https://boxd.it/GqOk
2025-12-03,Star Wars: Visions – The Bandits of Golak,2023,https://boxd.it/GqOu
2025-12-03,Star Wars: Visions – The Pit,2023,https://boxd.it/GqOY
2025-12-03,Star Wars: Visions – Aau's Song,2023,https://boxd.it/GqMo
2025-12-04,Star Wars: Visions – The Song of Four Wings,2025,https://boxd.it/X9XI
2025-12-04,Star Wars: Visions – The Duel: Payback,2025,https://boxd.it/YyK2
2025-12-04,Star Wars: Visions – The Bounty Hunters,2025,https://boxd.it/YyKQ
2025-12-08,The Knock,2025,https://boxd.it/Zpcs
2025-12-08,Home Alone 2: Lost in New York,1992,https://boxd.it/29F6
2025-12-09,Star Wars: Visions – The Lost Ones,2025,https://boxd.it/YyKm
2025-12-09,Star Wars: Visions – The Smuggler,2025,https://boxd.it/YyL0
2025-12-10,Wake Up Dead Man,2025,https://boxd.it/uAKS
2025-12-11,Star Wars: Visions – The Bird of Paradise,2025,https://boxd.it/YAdO
2025-12-11,Star Wars: Visions – BLACK,2025,https://boxd.it/YyLa
2025-12-13,Sabrina,1995,https://boxd.it/1SUI
2025-12-16,Misery,1990,https://boxd.it/28gY
2025-12-18,For All Mankind,1989,https://boxd.it/1Dvy
2025-12-22,Gremlins,1984,https://boxd.it/29gg
2025-12-23,Hamnet,2025,https://boxd.it/woVy
2025-12-24,Die My Love,2025,https://boxd.it/D5cI
2025-12-25,How the Grinch Stole Christmas,2000,https://boxd.it/1ZHQ
2025-12-25,National Lampoon's Christmas Vacation,1989,https://boxd.it/22wQ
2025-12-26,The Mastermind,2025,https://boxd.it/Q7ge
2025-12-26,Marty Supreme,2025,https://boxd.it/Off0
2025-12-26,Love Actually,2003,https://boxd.it/2aeU
2025-12-31,TRON: Ares,2025,https://boxd.it/jqdM
2026-01-01,TRON: Legacy,2010,https://boxd.it/1Dlo
2026-01-01,Keeper,2025,https://boxd.it/N8lI
2026-01-01,Anaconda,2025,https://boxd.it/KV9g
2026-01-05,Twenty-Two,2023,https://boxd.it/ZmDg
2026-01-05,Slacker,1990,https://boxd.it/1OUu
2026-01-07,Tron,1982,https://boxd.it/2b9w
2026-01-07,Citizens of Cosmopolis,2012,https://boxd.it/8pfU
2026-01-08,The Housemaid,2025,https://boxd.it/QFEO
2026-01-14,Grand Theft Hamlet,2024,https://boxd.it/KUyE
2026-01-17,28 Years Later: The Bone Temple,2026,https://boxd.it/MwlA
2026-01-28,Wicked,2024,https://boxd.it/e8ME
2026-01-29,Wicked: For Good,2025,https://boxd.it/AyfK
2026-01-30,Run Amok,2026,https://boxd.it/UVKm
2026-02-01,The Friend's House is Here,2026,https://boxd.it/ZsYu
2026-02-04,Queenpins,2021,https://boxd.it/niBu
2026-02-06,Earn $20K Every Month by Being Your Own Boss,,https://boxd.it/WCqG
2026-02-08,The Handmaiden,2016,https://boxd.it/948A
2026-02-08,Logan,2017,https://boxd.it/7Piy
2026-02-08,Ramen Shop,2018,https://boxd.it/i4TE
2026-02-10,Glass,2019,https://boxd.it/g3uO
2026-02-10,Borat Subsequent Moviefilm: Delivery of Prodigious Bribe to American Regime for Make Benefit Once Glorious Nation of Kazakhstan,2020,https://boxd.it/rNS0
2026-02-11,Titane,2021,https://boxd.it/nlQC
2026-02-15,"Dr. Mabuse, the Gambler",1922,https://boxd.it/22dE
2026-02-15,The Thousand Eyes of Dr. Mabuse,1960,https://boxd.it/1FDY
2026-02-20,Omni Loop,2024,https://boxd.it/HdWC
2026-02-22,Bugonia,2025,https://boxd.it/qeWY
2026-02-23,The Muppet Show,2026,https://boxd.it/XGno
2026-02-24,Saved!,2004,https://boxd.it/1QCM
2026-02-28,Gugusse and the Automaton,1897,https://boxd.it/lrFG
2026-02-28,Scream 7,2026,https://boxd.it/HRvQ
2026-03-10,Sentimental Value,2025,https://boxd.it/GwcG
2026-03-11,André Is an Idiot,2025,https://boxd.it/RSFW
2026-03-17,The Pizzagate Massacre,2020,https://boxd.it/ruyq
2026-03-17,Project Hail Mary,2026,https://boxd.it/pEeQ
2026-03-18,Justice League: Crisis on Infinite Earths Part One,2024,https://boxd.it/HH9g
2026-03-19,Super/Man: The Christopher Reeve Story,2024,https://boxd.it/GFuE
2026-03-21,How to Be,2008,https://boxd.it/1EEc
2026-03-23,Coming Out with the Help of a Time Machine,2021,https://boxd.it/yqLO
2026-03-23,Shame,2011,https://boxd.it/2CxU
2026-03-27,Blade Runner: Black Lotus,2021,https://boxd.it/zjmY
2026-03-27,Pose,2025,https://boxd.it/JuZC
2026-03-27,A Streetcar Named Desire,1951,https://boxd.it/29Mc
2026-03-30,Perfect Blue,1997,https://boxd.it/1W7A
2026-04-01,California King,2025,https://boxd.it/xBKq
2026-04-06,The Virgin Suicides,1999,https://boxd.it/28JG
2026-04-08,Discord Mods Are The Worst...,2026,https://boxd.it/125MQ
2026-04-08,You Got Gold: A Celebration of John Prine,2025,https://boxd.it/XKWW
2026-04-13,Send Help,2026,https://boxd.it/JuhA
