Date,Content
2020-11-20,https://boxd.it/90plK
2020-12-21,https://boxd.it/auibC
2021-01-05,https://boxd.it/aKdIe
2021-01-13,https://boxd.it/aA3m8
2021-01-13,https://boxd.it/aCQ4w
2021-03-30,https://boxd.it/4Q21c
2021-09-22,https://boxd.it/dsLGW
2021-10-25,https://boxd.it/dNQzo
2021-10-26,https://boxd.it/dOYwY
2021-10-27,https://boxd.it/dPQme
2021-11-15,https://boxd.it/coMSs
2021-12-01,https://boxd.it/e0N6u
2021-12-18,https://boxd.it/ep5h4
2021-12-31,https://boxd.it/bnXXM
2022-01-03,https://boxd.it/eHOJI
2022-01-09,https://boxd.it/8YJXq
2022-01-09,https://boxd.it/eQQIg
2022-01-14,https://boxd.it/ePeFw
2022-02-03,https://boxd.it/fevS8
2022-03-10,https://boxd.it/fJVBO
2022-03-28,https://boxd.it/fW95Q
2022-04-21,https://boxd.it/ggQ4G
2022-05-29,https://boxd.it/gMe4W
2022-06-21,https://boxd.it/h3TVQ
2022-07-11,https://boxd.it/hkE2q
2022-07-14,https://boxd.it/hmrh2
2022-07-19,https://boxd.it/hsoNc
2022-08-14,https://boxd.it/hPzYQ
2022-10-03,https://boxd.it/gnOv0
2022-10-18,https://boxd.it/iImcE
2022-11-04,https://boxd.it/iYqso
2022-12-01,https://boxd.it/gMnyc
2022-12-29,https://boxd.it/jK8sm
2023-01-05,https://boxd.it/eIf64
2023-01-05,https://boxd.it/aJDtM
2023-02-24,https://boxd.it/loJ4U
2023-07-06,https://boxd.it/nGv3W
2023-07-15,https://boxd.it/nQU4g
2023-07-15,https://boxd.it/nloBq
2023-07-22,https://boxd.it/nZTWa
2023-09-18,https://boxd.it/pb7Ko
2023-09-18,https://boxd.it/pb4XE
2023-09-26,https://boxd.it/plTJe
2023-09-26,https://boxd.it/plOoq
2023-09-26,https://boxd.it/plgkO
2023-12-22,https://boxd.it/r2CQi
2023-12-22,https://boxd.it/qGc8g
2023-12-25,https://boxd.it/r72su
2024-03-25,https://boxd.it/rdNsy
2024-03-25,https://boxd.it/sF6nq
2024-03-29,https://boxd.it/gKWZI
2024-04-21,https://boxd.it/uXLZa
2024-05-05,https://boxd.it/vjwiO
2024-05-19,https://boxd.it/vBSJ4
2024-08-24,https://boxd.it/foIZG
2024-10-22,https://boxd.it/zFhpK
2024-12-29,https://boxd.it/8HjM
2025-02-25,https://boxd.it/EcH9A
2025-04-21,https://boxd.it/G9esq
2025-05-24,https://boxd.it/GAadA
2025-08-17,https://boxd.it/NsMH6
2025-09-23,https://boxd.it/OYRFs
2025-10-17,https://boxd.it/OrGGy
2025-10-17,https://boxd.it/mVsuG
2025-10-17,https://boxd.it/1qX2M
2025-10-17,https://boxd.it/GRJ4
2025-10-23,https://boxd.it/PEtcg
2025-11-19,https://boxd.it/Qco3c
2025-12-15,https://boxd.it/L01gS
2025-12-16,https://boxd.it/yd1oQ
2025-12-24,https://boxd.it/QVr5U
2026-01-01,https://boxd.it/RayQo
2026-01-02,https://boxd.it/RbA0c
2026-01-02,https://boxd.it/RbKje
2026-01-02,https://boxd.it/R9yIs
2026-01-06,https://boxd.it/fupAk
2026-01-14,https://boxd.it/QKbXa
2026-01-19,https://boxd.it/RTfSK
2026-03-11,https://boxd.it/T82bW
2026-03-13,https://boxd.it/T9R2y
